epoch,s_per_epoch,total,contrib_pde,contrib_bc,contrib_ic,contrib_interface,contrib_pde_mech,contrib_bc_mech
0,0.569821,8.130824e+06,1.300107e+01,6.016982e-01,3.579316e+00,3.992434e-04,8.130787e+06,1.990574e+01
1,0.548511,3.675871e+06,4.904716e+00,4.979448e-01,1.663275e+00,4.303561e-04,3.675857e+06,7.680805e+00
2,0.550872,2.230786e+06,1.952822e+00,4.473839e-01,1.212397e+00,3.445853e-04,2.230778e+06,4.995179e+00
3,0.547877,1.528048e+06,6.220182e-01,4.191397e-01,1.160937e+00,2.412700e-04,1.528042e+06,3.387231e+00
4,0.545251,1.169441e+06,5.919908e-01,4.014173e-01,1.272547e+00,1.668820e-04,1.169435e+06,3.349454e+00
5,0.548042,9.077745e+05,1.842903e-02,3.908616e-01,1.472240e+00,1.196326e-04,9.077687e+05,3.895218e+00
6,0.551691,7.194738e+05,2.091282e-02,3.891199e-01,1.729454e+00,8.886647e-05,7.194673e+05,4.330497e+00
7,0.546580,5.947919e+05,1.966203e-02,3.966559e-01,2.021580e+00,7.027915e-05,5.947849e+05,4.492285e+00
8,0.548286,5.071596e+05,1.038239e-01,4.115358e-01,2.318565e+00,5.808782e-05,5.071524e+05,4.433922e+00
9,0.545966,4.343624e+05,1.177803e-01,4.305187e-01,2.584528e+00,4.910449e-05,4.343550e+05,4.230937e+00
10,0.544257,3.677271e+05,7.956255e-03,4.504057e-01,2.795342e+00,4.275048e-05,3.677199e+05,3.931743e+00
11,0.548431,3.110816e+05,1.863735e-02,4.685945e-01,2.944050e+00,3.652501e-05,3.110746e+05,3.579030e+00
12,0.544992,2.675855e+05,1.047718e-02,4.836847e-01,3.038464e+00,3.125974e-05,2.675788e+05,3.216263e+00
13,0.548768,2.342223e+05,1.241236e-02,4.957384e-01,3.094273e+00,2.641815e-05,2.342158e+05,2.880838e+00
14,0.546753,2.070585e+05,4.778041e-03,5.057132e-01,3.126429e+00,2.273122e-05,2.070523e+05,2.600418e+00
15,0.548062,1.839672e+05,8.796044e-02,5.146798e-01,3.144108e+00,1.988549e-05,1.839610e+05,2.393736e+00
16,0.547356,1.646247e+05,1.178292e-02,5.227117e-01,3.146711e+00,1.777710e-05,1.646188e+05,2.267380e+00
17,0.544975,1.491706e+05,7.384024e-03,5.302173e-01,3.134691e+00,1.621183e-05,1.491647e+05,2.216004e+00
18,0.546742,1.363914e+05,9.415562e-03,5.361948e-01,3.102592e+00,1.506000e-05,1.363855e+05,2.217764e+00
19,0.546216,1.238685e+05,1.315794e-02,5.395246e-01,3.046751e+00,1.419755e-05,1.238627e+05,2.244619e+00
20,0.548968,1.100017e+05,8.221265e-03,5.392762e-01,2.966607e+00,1.354888e-05,1.099959e+05,2.272345e+00
21,0.556785,9.528739e+04,2.052479e-02,5.352473e-01,2.866161e+00,1.312354e-05,9.528168e+04,2.286794e+00
22,0.549274,8.157645e+04,7.351920e-03,5.279851e-01,2.752813e+00,1.288972e-05,8.157088e+04,2.283216e+00
23,0.546045,7.052191e+04,7.228054e-03,5.185839e-01,2.635423e+00,1.281072e-05,7.051649e+04,2.262558e+00
24,0.547404,6.256126e+04,9.894367e-03,5.083496e-01,2.522258e+00,1.282239e-05,6.255599e+04,2.228226e+00
25,0.546110,5.699913e+04,1.324657e-02,4.983583e-01,2.418902e+00,1.282093e-05,5.699402e+04,2.184226e+00
26,0.548825,5.275650e+04,1.276261e-02,4.896847e-01,2.329905e+00,1.278307e-05,5.275153e+04,2.135912e+00
27,0.544555,4.899811e+04,7.041402e-03,4.829275e-01,2.256878e+00,1.264509e-05,4.899327e+04,2.088173e+00
28,0.546162,4.532427e+04,2.964031e-01,4.783977e-01,2.199802e+00,1.244473e-05,4.531925e+04,2.045326e+00
29,0.546397,4.168087e+04,1.154278e-02,4.764416e-01,2.159117e+00,1.220670e-05,4.167621e+04,2.011291e+00
30,0.573051,3.822382e+04,7.729687e-03,4.766408e-01,2.131798e+00,1.197347e-05,3.821922e+04,1.986984e+00
31,0.564713,3.513859e+04,1.030002e-02,4.787525e-01,2.116168e+00,1.174953e-05,3.513401e+04,1.973054e+00
32,0.565125,3.255244e+04,1.561145e-02,4.824306e-01,2.110372e+00,1.159123e-05,3.254786e+04,1.969181e+00
33,0.557201,3.047772e+04,1.331000e-02,4.872794e-01,2.112497e+00,1.153450e-05,3.047313e+04,1.974370e+00
34,0.563725,2.883292e+04,1.051246e-02,4.928799e-01,2.120563e+00,1.155290e-05,2.882831e+04,1.987162e+00
35,0.565615,2.748348e+04,1.749033e-02,4.988463e-01,2.132657e+00,1.168510e-05,2.747883e+04,2.005890e+00
36,0.566775,2.631964e+04,9.557372e-03,5.048040e-01,2.146875e+00,1.193740e-05,2.631495e+04,2.028789e+00
37,0.569429,2.527033e+04,2.302563e-02,5.104538e-01,2.161522e+00,1.226318e-05,2.526558e+04,2.054170e+00
38,0.551503,2.430583e+04,7.169390e-03,5.156008e-01,2.175308e+00,1.265040e-05,2.430105e+04,2.080579e+00
39,0.559452,2.341812e+04,7.343849e-03,5.200750e-01,2.187087e+00,1.307088e-05,2.341330e+04,2.106581e+00
40,0.569365,2.259584e+04,9.181854e-03,5.237782e-01,2.196083e+00,1.349289e-05,2.259098e+04,2.130915e+00
41,0.562946,2.182141e+04,1.351674e-02,5.266708e-01,2.201869e+00,1.385774e-05,2.181651e+04,2.152496e+00
42,0.546421,2.107070e+04,1.976378e-02,5.287667e-01,2.204352e+00,1.411131e-05,2.106577e+04,2.170469e+00
43,0.548123,2.032104e+04,1.640584e-02,5.301619e-01,2.203869e+00,1.421925e-05,2.031610e+04,2.184368e+00
44,0.546501,1.955927e+04,1.039962e-02,5.309015e-01,2.200647e+00,1.417250e-05,1.955433e+04,2.193791e+00
45,0.545941,1.878433e+04,1.246028e-02,5.310970e-01,2.195233e+00,1.397317e-05,1.877940e+04,2.198781e+00
46,0.546326,1.800644e+04,7.332811e-03,5.308662e-01,2.188230e+00,1.364089e-05,1.800151e+04,2.199655e+00
47,0.546866,1.724327e+04,7.824126e-03,5.303438e-01,2.180336e+00,1.320891e-05,1.723835e+04,2.196998e+00
48,0.549221,1.651316e+04,1.514608e-02,5.296422e-01,2.172151e+00,1.271772e-05,1.650825e+04,2.191502e+00
49,0.546121,1.583469e+04,2.260772e-02,5.288558e-01,2.164190e+00,1.220788e-05,1.582979e+04,2.183906e+00
50,0.546051,1.521342e+04,1.250553e-02,5.280614e-01,2.156873e+00,1.171879e-05,1.520855e+04,2.174934e+00
51,0.545287,1.464550e+04,1.544081e-02,5.273127e-01,2.150492e+00,1.127833e-05,1.464065e+04,2.165215e+00
52,0.546375,1.412620e+04,9.298006e-03,5.266385e-01,2.145193e+00,1.090698e-05,1.412136e+04,2.155247e+00
53,0.546530,1.364278e+04,1.216435e-02,5.260570e-01,2.141044e+00,1.061659e-05,1.363795e+04,2.145390e+00
54,0.547246,1.318467e+04,8.806907e-03,5.255649e-01,2.137974e+00,1.040281e-05,1.317986e+04,2.135843e+00
55,0.545755,1.274559e+04,1.093236e-02,5.251527e-01,2.135844e+00,1.027860e-05,1.274079e+04,2.126697e+00
56,0.546734,1.232408e+04,1.448783e-02,5.247845e-01,2.134361e+00,1.023401e-05,1.231929e+04,2.117852e+00
57,0.547762,1.192336e+04,1.305819e-02,5.244690e-01,2.133334e+00,1.025396e-05,1.191858e+04,2.109204e+00
58,0.546747,1.154842e+04,4.951203e-01,5.241199e-01,2.132290e+00,1.033083e-05,1.154317e+04,2.100458e+00
59,0.548581,1.120008e+04,1.019503e-01,5.233574e-01,2.129948e+00,1.047086e-05,1.119524e+04,2.090930e+00
60,0.546921,1.088359e+04,1.778245e-01,5.227522e-01,2.128130e+00,1.063164e-05,1.087868e+04,2.081548e+00
61,0.545291,1.059721e+04,2.223108e-01,5.222691e-01,2.126562e+00,1.079950e-05,1.059226e+04,2.072093e+00
62,0.547383,1.033665e+04,1.423114e-01,5.218839e-01,2.125070e+00,1.095820e-05,1.033179e+04,2.062268e+00
63,0.547176,1.009584e+04,5.275515e-02,5.214647e-01,2.122981e+00,1.109093e-05,1.009110e+04,2.051743e+00
64,0.546539,9.868586e+03,1.851087e-02,5.206676e-01,2.118710e+00,1.118118e-05,9.863889e+03,2.039657e+00
65,0.545169,9.650165e+03,1.795460e-02,5.195886e-01,2.112707e+00,1.122485e-05,9.645488e+03,2.026462e+00
66,0.546715,9.438243e+03,2.189595e-02,5.182550e-01,2.105188e+00,1.122705e-05,9.433585e+03,2.012506e+00
67,0.546294,9.232698e+03,1.957550e-02,5.167174e-01,2.096477e+00,1.118236e-05,9.228067e+03,1.998230e+00
68,0.546707,9.034987e+03,1.827661e-02,5.149760e-01,2.086716e+00,1.110497e-05,9.030383e+03,1.983969e+00
69,0.547219,8.847175e+03,1.126335e-02,5.130637e-01,2.076181e+00,1.100554e-05,8.842605e+03,1.970116e+00
70,0.547185,8.670970e+03,9.081280e-03,5.110055e-01,2.065098e+00,1.089532e-05,8.666428e+03,1.956977e+00
71,0.546733,8.507363e+03,2.530504e-01,5.088278e-01,2.053685e+00,1.077788e-05,8.502602e+03,1.944793e+00
72,0.548117,8.355575e+03,1.568405e-02,5.070206e-01,2.044374e+00,1.068766e-05,8.351073e+03,1.935006e+00
73,0.547132,8.214705e+03,5.700515e-03,5.051562e-01,2.035141e+00,1.060922e-05,8.210232e+03,1.926431e+00
74,0.548893,8.082683e+03,1.483786e-02,5.032489e-01,2.026071e+00,1.054896e-05,8.078220e+03,1.919035e+00
75,0.546193,7.957486e+03,1.405348e-02,5.013341e-01,2.017326e+00,1.050835e-05,7.953041e+03,1.912786e+00
76,0.548052,7.837339e+03,3.278330e-02,4.994367e-01,2.008995e+00,1.048684e-05,7.832891e+03,1.907583e+00
77,0.546809,7.721048e+03,1.988469e-01,4.976343e-01,2.001407e+00,1.047916e-05,7.716447e+03,1.903441e+00
78,0.546774,7.607541e+03,1.713872e-02,4.962573e-01,1.996116e+00,1.049642e-05,7.603131e+03,1.901068e+00
79,0.546816,7.496754e+03,1.322036e-02,4.949175e-01,1.991174e+00,1.052112e-05,7.492356e+03,1.899208e+00
80,0.544893,7.388544e+03,1.229755e-02,4.936190e-01,1.986546e+00,1.054772e-05,7.384154e+03,1.897682e+00
81,0.556477,7.283306e+03,2.742999e-02,4.923661e-01,1.982196e+00,1.057123e-05,7.278907e+03,1.896348e+00
82,0.554246,7.181309e+03,4.395940e-01,4.912116e-01,1.978255e+00,1.058474e-05,7.176505e+03,1.895147e+00
83,0.555441,7.082097e+03,1.623110e-02,4.906826e-01,1.977311e+00,1.059976e-05,7.077717e+03,1.895488e+00
84,0.560283,6.986364e+03,1.454365e-02,4.901234e-01,1.976177e+00,1.060077e-05,6.981988e+03,1.895509e+00
85,0.563729,6.893463e+03,1.973812e-02,4.894640e-01,1.974545e+00,1.058676e-05,6.889084e+03,1.894957e+00
86,0.556857,6.803707e+03,5.786845e-01,4.888056e-01,1.972833e+00,1.055843e-05,6.798773e+03,1.894143e+00
87,0.550553,6.715975e+03,1.693187e-01,4.886711e-01,1.973569e+00,1.052618e-05,6.711449e+03,1.894540e+00
88,0.550725,6.630952e+03,1.195223e-02,4.888170e-01,1.975575e+00,1.049091e-05,6.626580e+03,1.895534e+00
89,0.558729,6.547792e+03,1.640719e-02,4.888718e-01,1.977069e+00,1.045224e-05,6.543413e+03,1.896178e+00
90,0.551967,6.466201e+03,1.498070e-02,4.888472e-01,1.978129e+00,1.041077e-05,6.461823e+03,1.896593e+00
91,0.552849,6.386443e+03,4.160058e-01,4.887304e-01,1.978718e+00,1.036700e-05,6.381663e+03,1.896831e+00
92,0.548545,6.308072e+03,7.196370e-02,4.891421e-01,1.981825e+00,1.033910e-05,6.303631e+03,1.898680e+00
93,0.549818,6.231533e+03,1.778248e-02,4.896178e-01,1.985202e+00,1.032215e-05,6.227139e+03,1.900929e+00
94,0.549045,6.156642e+03,2.201589e-02,4.900052e-01,1.988119e+00,1.030493e-05,6.152239e+03,1.903206e+00
95,0.550597,6.083689e+03,1.721281e-01,4.903381e-01,1.990739e+00,1.029322e-05,6.079130e+03,1.905628e+00
96,0.549021,6.012651e+03,3.269886e-02,4.909799e-01,1.994798e+00,1.029424e-05,6.008223e+03,1.909197e+00
97,0.549325,5.943676e+03,2.061617e-02,4.915903e-01,1.998655e+00,1.029920e-05,5.939252e+03,1.912958e+00
98,0.553964,5.876597e+03,3.323827e-02,4.921332e-01,2.002129e+00,1.030556e-05,5.872153e+03,1.916772e+00
99,0.554851,5.811363e+03,1.030133e-01,4.926640e-01,2.005476e+00,1.031264e-05,5.806841e+03,1.920740e+00
100,0.546963,5.747692e+03,2.720709e-02,4.933662e-01,2.009566e+00,1.032265e-05,5.743236e+03,1.925311e+00
101,0.549478,5.685476e+03,1.932899e-02,4.940138e-01,2.013312e+00,1.032909e-05,5.681020e+03,1.929797e+00
102,0.547724,5.624496e+03,2.387267e-02,4.945740e-01,2.016559e+00,1.033255e-05,5.620027e+03,1.934048e+00
103,0.557531,5.564659e+03,5.041586e-02,4.950593e-01,2.019368e+00,1.032966e-05,5.560157e+03,1.938044e+00
104,0.547523,5.505911e+03,6.831552e-02,4.955507e-01,2.022136e+00,1.032102e-05,5.501383e+03,1.941965e+00
105,0.548426,5.448197e+03,3.131751e-02,4.960879e-01,2.025063e+00,1.030996e-05,5.443698e+03,1.945889e+00
106,0.546391,5.391552e+03,1.983908e-02,4.965463e-01,2.027568e+00,1.029474e-05,5.387059e+03,1.949462e+00
107,0.546829,5.335974e+03,2.330003e-02,4.968977e-01,2.029535e+00,1.027594e-05,5.331472e+03,1.952584e+00
108,0.545824,5.281463e+03,3.390812e-02,4.971477e-01,2.031011e+00,1.025520e-05,5.276945e+03,1.955273e+00
109,0.548204,5.228019e+03,5.455551e-02,4.973281e-01,2.032166e+00,1.023484e-05,5.223477e+03,1.957628e+00
110,0.556278,5.175590e+03,4.384013e-02,4.975070e-01,2.033346e+00,1.021791e-05,5.171055e+03,1.959859e+00
111,0.545902,5.124155e+03,3.353134e-02,4.976425e-01,2.034364e+00,1.020478e-05,5.119628e+03,1.961868e+00
112,0.554320,5.073667e+03,3.030323e-02,4.976946e-01,2.035038e+00,1.019592e-05,5.069140e+03,1.963572e+00
113,0.549770,5.024082e+03,3.209266e-02,4.976611e-01,2.035361e+00,1.019278e-05,5.019552e+03,1.964989e+00
114,0.559234,4.975364e+03,3.697295e-02,4.975540e-01,2.035393e+00,1.019092e-05,4.970828e+03,1.966169e+00
115,0.552859,4.927487e+03,4.540743e-02,4.974007e-01,2.035261e+00,1.019090e-05,4.922942e+03,1.967199e+00
116,0.552203,4.880417e+03,4.013037e-02,4.972494e-01,2.035191e+00,1.019616e-05,4.875876e+03,1.968222e+00
117,0.546684,4.834136e+03,2.864367e-02,4.971003e-01,2.035173e+00,1.020532e-05,4.829606e+03,1.969232e+00
118,0.546059,4.788622e+03,2.156385e-02,4.969254e-01,2.035056e+00,1.021407e-05,4.784099e+03,1.970154e+00
119,0.550431,4.743853e+03,2.242891e-02,4.967112e-01,2.034765e+00,1.022263e-05,4.739328e+03,1.970911e+00
120,0.546593,4.699799e+03,2.757017e-02,4.964686e-01,2.034336e+00,1.023026e-05,4.695269e+03,1.971517e+00
121,0.547969,4.656418e+03,3.273173e-02,4.962318e-01,2.033912e+00,1.023688e-05,4.651883e+03,1.972057e+00
122,0.547859,4.613590e+03,2.887686e-02,4.960799e-01,2.033823e+00,1.024345e-05,4.609059e+03,1.972776e+00
123,0.545618,4.571583e+03,1.521346e-02,4.959973e-01,2.033975e+00,1.024916e-05,4.567064e+03,1.973630e+00
124,0.547106,4.530296e+03,1.546686e-02,4.958446e-01,2.033769e+00,1.025120e-05,4.525777e+03,1.974150e+00
125,0.547061,4.489656e+03,1.993106e-02,4.956270e-01,2.033227e+00,1.024980e-05,4.485133e+03,1.974351e+00
126,0.547047,4.449669e+03,4.550242e-02,4.953678e-01,2.032459e+00,1.024587e-05,4.445121e+03,1.974305e+00
127,0.547178,4.410298e+03,4.737595e-02,4.951642e-01,2.031933e+00,1.024253e-05,4.405749e+03,1.974301e+00
128,0.545734,4.371685e+03,1.888304e-01,4.950108e-01,2.031624e+00,1.024220e-05,4.366995e+03,1.974346e+00
129,0.549456,4.333483e+03,2.443440e-02,4.953669e-01,2.033785e+00,1.025069e-05,4.328954e+03,1.976023e+00
130,0.548086,4.295969e+03,2.108472e-02,4.956078e-01,2.035362e+00,1.025382e-05,4.291439e+03,1.977340e+00
131,0.544612,4.259146e+03,1.561040e-01,4.957239e-01,2.036335e+00,1.025531e-05,4.254479e+03,1.978287e+00
132,0.547192,4.222464e+03,1.836499e-02,4.955445e-01,2.036041e+00,1.025255e-05,4.217936e+03,1.978366e+00
133,0.545954,4.186433e+03,1.878210e-02,4.953240e-01,2.035500e+00,1.024886e-05,4.181905e+03,1.978371e+00
134,0.548801,4.150907e+03,1.587072e-02,4.950697e-01,2.034750e+00,1.024526e-05,4.146383e+03,1.978344e+00
135,0.549413,4.115892e+03,1.889578e-02,4.947833e-01,2.033805e+00,1.024002e-05,4.111367e+03,1.978282e+00
136,0.554879,4.081377e+03,2.136426e-02,4.944683e-01,2.032683e+00,1.023244e-05,4.076850e+03,1.978196e+00
137,0.545998,4.047396e+03,6.859446e-02,4.941229e-01,2.031378e+00,1.022433e-05,4.042823e+03,1.978076e+00
138,0.546984,4.014003e+03,1.896219e-01,4.939338e-01,2.030785e+00,1.022002e-05,4.009310e+03,1.978439e+00
139,0.547165,3.980859e+03,2.402768e-02,4.941926e-01,2.032295e+00,1.022570e-05,3.976328e+03,1.980098e+00
140,0.546942,3.948337e+03,1.962293e-02,4.944029e-01,2.033505e+00,1.022848e-05,3.943808e+03,1.981636e+00
141,0.544451,3.916266e+03,1.175164e-02,4.944566e-01,2.034002e+00,1.022922e-05,3.911743e+03,1.982753e+00
142,0.546798,3.884570e+03,1.236486e-02,4.944565e-01,2.034199e+00,1.022794e-05,3.880045e+03,1.983724e+00
143,0.547275,3.853297e+03,1.212626e-02,4.943956e-01,2.034072e+00,1.022581e-05,3.848772e+03,1.984514e+00
144,0.547298,3.822439e+03,1.393677e-02,4.942536e-01,2.033548e+00,1.022268e-05,3.817912e+03,1.985047e+00
145,0.545997,3.791965e+03,2.832025e-02,4.939841e-01,2.032446e+00,1.021788e-05,3.787425e+03,1.985167e+00
146,0.549300,3.761809e+03,1.827681e-02,4.935365e-01,2.030571e+00,1.020828e-05,3.757282e+03,1.984709e+00
147,0.546876,3.732043e+03,2.082246e-02,4.929882e-01,2.028236e+00,1.019720e-05,3.727517e+03,1.983901e+00
148,0.549520,3.702805e+03,1.409409e-01,4.923908e-01,2.025654e+00,1.018608e-05,3.698164e+03,1.982886e+00
149,0.546729,3.673829e+03,7.263257e-02,4.921642e-01,2.024829e+00,1.018460e-05,3.669256e+03,1.982855e+00
150,0.547141,3.645370e+03,8.792493e-02,4.920607e-01,2.024596e+00,1.018685e-05,3.640783e+03,1.983108e+00
151,0.546399,3.617243e+03,1.504490e-01,4.916422e-01,2.023030e+00,1.018480e-05,3.612595e+03,1.982372e+00
152,0.546796,3.589410e+03,2.040856e-01,4.909309e-01,2.020229e+00,1.017764e-05,3.584714e+03,1.980722e+00
153,0.545296,3.561958e+03,1.799139e-01,4.905990e-01,2.019293e+00,1.017968e-05,3.557288e+03,1.980115e+00
154,0.547932,3.534680e+03,2.984577e-02,4.900419e-01,2.017393e+00,1.017751e-05,3.530164e+03,1.978821e+00
155,0.545185,3.507881e+03,2.924700e-02,4.895526e-01,2.015718e+00,1.017551e-05,3.503369e+03,1.977748e+00
156,0.546235,3.481398e+03,2.356878e-02,4.890728e-01,2.014031e+00,1.017424e-05,3.476895e+03,1.976760e+00
157,0.547928,3.455233e+03,2.561818e-02,4.886592e-01,2.012548e+00,1.017144e-05,3.450730e+03,1.975981e+00
158,0.546275,3.429362e+03,2.293366e-02,4.883004e-01,2.011221e+00,1.016742e-05,3.424865e+03,1.975381e+00
159,0.545724,3.403785e+03,1.866614e-02,4.880190e-01,2.010150e+00,1.016459e-05,3.399293e+03,1.975058e+00
160,0.548121,3.378501e+03,1.716970e-02,4.877642e-01,2.009122e+00,1.015660e-05,3.374012e+03,1.974834e+00
161,0.547781,3.353522e+03,2.948811e-02,4.875041e-01,2.008022e+00,1.014819e-05,3.349022e+03,1.974630e+00
162,0.549084,3.328821e+03,2.869974e-02,4.872024e-01,2.006728e+00,1.014148e-05,3.324324e+03,1.974355e+00
163,0.547103,3.304410e+03,2.935715e-02,4.869581e-01,2.005660e+00,1.013570e-05,3.299914e+03,1.974267e+00
164,0.549937,3.280277e+03,2.419035e-02,4.867621e-01,2.004777e+00,1.013081e-05,3.275787e+03,1.974333e+00
165,0.549305,3.256422e+03,2.303223e-02,4.865741e-01,2.003889e+00,1.012601e-05,3.251934e+03,1.974431e+00
166,0.547833,3.232837e+03,2.159438e-02,4.863782e-01,2.002923e+00,1.012107e-05,3.228351e+03,1.974511e+00
167,0.546755,3.209513e+03,1.813391e-02,4.861796e-01,2.001902e+00,1.011626e-05,3.205032e+03,1.974594e+00
168,0.546037,3.186456e+03,1.980086e-02,4.859687e-01,2.000789e+00,1.011135e-05,3.181975e+03,1.974631e+00
169,0.546511,3.163658e+03,2.172137e-02,4.857514e-01,1.999615e+00,1.010657e-05,3.159177e+03,1.974635e+00
170,0.546228,3.141112e+03,1.990355e-02,4.855397e-01,1.998440e+00,1.010233e-05,3.136633e+03,1.974640e+00
171,0.547237,3.118819e+03,2.060698e-02,4.853380e-01,1.997291e+00,1.009898e-05,3.114341e+03,1.974648e+00
172,0.546285,3.096773e+03,2.020072e-02,4.851396e-01,1.996140e+00,1.009974e-05,3.092297e+03,1.974637e+00
173,0.549038,3.074970e+03,2.055026e-02,4.849309e-01,1.994923e+00,1.009676e-05,3.070495e+03,1.974565e+00
174,0.545716,3.053406e+03,2.158378e-02,4.847027e-01,1.993601e+00,1.009372e-05,3.048932e+03,1.974408e+00
175,0.545149,3.032078e+03,2.286626e-02,4.844516e-01,1.992159e+00,1.009067e-05,3.027604e+03,1.974157e+00
176,0.568717,3.010981e+03,2.419103e-02,4.841769e-01,1.990596e+00,1.009007e-05,3.006508e+03,1.973811e+00
177,0.566661,2.990112e+03,2.548615e-02,4.838794e-01,1.988917e+00,1.008802e-05,2.985640e+03,1.973373e+00
178,0.569440,2.969467e+03,2.672145e-02,4.835603e-01,1.987130e+00,1.008428e-05,2.964997e+03,1.972850e+00
179,0.568472,2.949043e+03,2.786732e-02,4.832215e-01,1.985244e+00,1.008046e-05,2.944575e+03,1.972247e+00
180,0.568218,2.928837e+03,2.885308e-02,4.828654e-01,1.983271e+00,1.007661e-05,2.924370e+03,1.971575e+00
181,0.564026,2.908845e+03,2.933596e-02,4.824951e-01,1.981225e+00,1.007279e-05,2.904381e+03,1.970844e+00
182,0.553878,2.889063e+03,2.959458e-02,4.821165e-01,1.979131e+00,1.006910e-05,2.884603e+03,1.970074e+00
183,0.547919,2.869491e+03,3.049424e-02,4.817286e-01,1.976988e+00,1.006549e-05,2.865033e+03,1.969262e+00
184,0.546748,2.850125e+03,3.123952e-02,4.813341e-01,1.974805e+00,1.006196e-05,2.845669e+03,1.968420e+00
185,0.550049,2.830961e+03,3.167326e-02,4.809357e-01,1.972593e+00,1.005852e-05,2.826508e+03,1.967556e+00
186,0.546878,2.811995e+03,3.133578e-02,4.805358e-01,1.970364e+00,1.005518e-05,2.807547e+03,1.966682e+00
187,0.546568,2.793224e+03,2.812282e-02,4.801388e-01,1.968137e+00,1.005202e-05,2.788782e+03,1.965818e+00
188,0.552515,2.774649e+03,2.728572e-02,4.797409e-01,1.965894e+00,1.004883e-05,2.770211e+03,1.964947e+00
189,0.549064,2.756267e+03,2.799550e-02,4.793444e-01,1.963645e+00,1.004564e-05,2.751832e+03,1.964076e+00
190,0.550269,2.738072e+03,2.764627e-02,4.789519e-01,1.961404e+00,1.004251e-05,2.733641e+03,1.963217e+00
191,0.555808,2.720063e+03,2.720030e-02,4.785730e-01,1.959214e+00,1.003979e-05,2.715635e+03,1.962412e+00
192,0.556946,2.702239e+03,2.926233e-02,4.781945e-01,1.957017e+00,1.003700e-05,2.697813e+03,1.961605e+00
193,0.555228,2.684598e+03,3.158808e-02,4.778160e-01,1.954813e+00,1.003420e-05,2.680173e+03,1.960796e+00
194,0.555604,2.667134e+03,3.370980e-02,4.774380e-01,1.952606e+00,1.003144e-05,2.662711e+03,1.959989e+00
195,0.572003,2.649845e+03,3.367194e-02,4.770630e-01,1.950411e+00,1.002892e-05,2.645425e+03,1.959198e+00
196,0.551369,2.632724e+03,2.740698e-02,4.767048e-01,1.948290e+00,1.002719e-05,2.628313e+03,1.958484e+00
197,0.563327,2.615782e+03,2.877685e-02,4.763452e-01,1.946163e+00,1.002546e-05,2.611373e+03,1.957759e+00
198,0.567075,2.599007e+03,2.722591e-02,4.759882e-01,1.944042e+00,1.002373e-05,2.594603e+03,1.957032e+00
199,0.566968,2.582394e+03,2.117076e-02,4.756396e-01,1.941946e+00,1.002189e-05,2.577999e+03,1.956317e+00
200,0.552962,2.565943e+03,1.379063e-02,4.753028e-01,1.939882e+00,1.001983e-05,2.561558e+03,1.955620e+00
201,0.552256,2.549658e+03,1.339196e-02,4.749677e-01,1.937807e+00,1.001742e-05,2.545277e+03,1.954915e+00
202,0.550743,2.533533e+03,1.384098e-02,4.746251e-01,1.935686e+00,1.001468e-05,2.529155e+03,1.954178e+00
203,0.551746,2.517566e+03,1.430066e-02,4.742746e-01,1.933516e+00,1.001191e-05,2.513191e+03,1.953409e+00
204,0.546945,2.501755e+03,1.475129e-02,4.739163e-01,1.931299e+00,1.001129e-05,2.497382e+03,1.952609e+00
205,0.551511,2.486097e+03,1.519317e-02,4.735507e-01,1.929039e+00,1.000808e-05,2.481728e+03,1.951780e+00
206,0.551154,2.470592e+03,1.562540e-02,4.731782e-01,1.926739e+00,1.000451e-05,2.466225e+03,1.950921e+00
207,0.550668,2.455236e+03,1.604529e-02,4.727991e-01,1.924401e+00,1.000096e-05,2.450873e+03,1.950033e+00
208,0.557478,2.440029e+03,1.645034e-02,4.724140e-01,1.922028e+00,9.997492e-06,2.435669e+03,1.949117e+00
209,0.552262,2.424968e+03,1.683784e-02,4.720233e-01,1.919624e+00,9.994160e-06,2.420611e+03,1.948173e+00
210,0.546638,2.410051e+03,1.720385e-02,4.716277e-01,1.917192e+00,9.990991e-06,2.405698e+03,1.947202e+00
211,0.547839,2.395276e+03,1.754607e-02,4.712276e-01,1.914735e+00,9.987988e-06,2.390927e+03,1.946206e+00
212,0.555483,2.380642e+03,1.786911e-02,4.708234e-01,1.912254e+00,9.985131e-06,2.376296e+03,1.945184e+00
213,0.554711,2.366147e+03,1.818515e-02,4.704153e-01,1.909750e+00,9.982381e-06,2.361805e+03,1.944139e+00
214,0.553462,2.351790e+03,1.850833e-02,4.700035e-01,1.907223e+00,9.979690e-06,2.347451e+03,1.943072e+00
215,0.544938,2.337567e+03,1.884969e-02,4.695882e-01,1.904675e+00,9.977011e-06,2.333232e+03,1.941984e+00
216,0.549890,2.323479e+03,1.921688e-02,4.691695e-01,1.902104e+00,9.974306e-06,2.319147e+03,1.940877e+00
217,0.547559,2.309522e+03,1.961628e-02,4.687479e-01,1.899513e+00,9.971549e-06,2.305195e+03,1.939754e+00
218,0.566192,2.295697e+03,2.005428e-02,4.683237e-01,1.896903e+00,9.968730e-06,2.291373e+03,1.938616e+00
219,0.558299,2.282000e+03,2.053706e-02,4.678971e-01,1.894274e+00,9.965851e-06,2.277680e+03,1.937466e+00
220,0.548336,2.268430e+03,2.106978e-02,4.674684e-01,1.891629e+00,9.962926e-06,2.264114e+03,1.936305e+00
221,0.545958,2.254987e+03,2.165570e-02,4.670378e-01,1.888969e+00,9.959975e-06,2.250674e+03,1.935135e+00
222,0.545674,2.241668e+03,2.229560e-02,4.666055e-01,1.886294e+00,9.957020e-06,2.237359e+03,1.933957e+00
223,0.545782,2.228471e+03,2.298714e-02,4.661716e-01,1.883605e+00,9.954086e-06,2.224166e+03,1.932770e+00
224,0.546293,2.215396e+03,2.372366e-02,4.657359e-01,1.880902e+00,9.951192e-06,2.211094e+03,1.931576e+00
225,0.546538,2.202441e+03,2.449148e-02,4.652986e-01,1.878186e+00,9.948356e-06,2.198143e+03,1.930374e+00
226,0.548086,2.189605e+03,2.526361e-02,4.648596e-01,1.875458e+00,9.945594e-06,2.185310e+03,1.929163e+00
227,0.544934,2.176885e+03,2.598471e-02,4.644190e-01,1.872717e+00,9.942957e-06,2.172594e+03,1.927943e+00
228,0.544933,2.164281e+03,2.652649e-02,4.639769e-01,1.869965e+00,9.940802e-06,2.159994e+03,1.926715e+00
229,0.553343,2.151790e+03,2.641877e-02,4.635342e-01,1.867206e+00,9.940547e-06,2.147507e+03,1.925480e+00
230,0.551629,2.139411e+03,2.567421e-02,4.630948e-01,1.864455e+00,9.938190e-06,2.135134e+03,1.924253e+00
231,0.555624,2.127146e+03,2.627830e-02,4.626534e-01,1.861692e+00,9.935884e-06,2.122872e+03,1.923014e+00
232,0.551570,2.114990e+03,2.676406e-02,4.622102e-01,1.858917e+00,9.933630e-06,2.110721e+03,1.921764e+00
233,0.558199,2.102944e+03,2.701494e-02,4.617656e-01,1.856131e+00,9.931443e-06,2.098678e+03,1.920506e+00
234,0.548570,2.091004e+03,2.677569e-02,4.613206e-01,1.853341e+00,9.929362e-06,2.086744e+03,1.919244e+00
235,0.555639,2.079170e+03,2.520818e-02,4.608774e-01,1.850554e+00,9.927477e-06,2.074915e+03,1.917988e+00
236,0.545435,2.067437e+03,2.081597e-02,4.604436e-01,1.847807e+00,9.926072e-06,2.063192e+03,1.916774e+00
237,0.547301,2.055811e+03,1.900145e-02,4.600320e-01,1.845160e+00,9.925957e-06,2.051572e+03,1.915680e+00
238,0.548642,2.044290e+03,1.856410e-02,4.596127e-01,1.842476e+00,9.925618e-06,2.040055e+03,1.914551e+00
239,0.545271,2.032869e+03,1.741818e-02,4.591855e-01,1.839752e+00,9.925064e-06,2.028639e+03,1.913391e+00
240,0.549103,2.021551e+03,1.829014e-02,4.587492e-01,1.836987e+00,9.924257e-06,2.017325e+03,1.912187e+00
241,0.547577,2.010333e+03,1.923041e-02,4.583034e-01,1.834177e+00,9.923242e-06,2.006110e+03,1.910936e+00
242,0.547699,1.999213e+03,2.022768e-02,4.578473e-01,1.831322e+00,9.922083e-06,1.994994e+03,1.909638e+00
243,0.546784,1.988191e+03,2.125638e-02,4.573804e-01,1.828420e+00,9.920856e-06,1.983976e+03,1.908293e+00
244,0.546561,1.977265e+03,2.227533e-02,4.569021e-01,1.825469e+00,9.919638e-06,1.973053e+03,1.906902e+00
245,0.546717,1.966434e+03,2.323321e-02,4.564122e-01,1.822469e+00,9.918499e-06,1.962226e+03,1.905466e+00
246,0.547604,1.955697e+03,2.408097e-02,4.559107e-01,1.819420e+00,9.917487e-06,1.951494e+03,1.903988e+00
247,0.545372,1.945053e+03,2.478568e-02,4.553980e-01,1.816324e+00,9.916627e-06,1.940854e+03,1.902469e+00
248,0.547492,1.934501e+03,2.533777e-02,4.548747e-01,1.813185e+00,9.915919e-06,1.930307e+03,1.900914e+00
249,0.548167,1.924040e+03,2.574773e-02,4.543417e-01,1.810005e+00,9.915340e-06,1.919851e+03,1.899326e+00
250,0.556726,1.913669e+03,2.603554e-02,4.538001e-01,1.806788e+00,9.914852e-06,1.909484e+03,1.897709e+00
251,0.548987,1.903386e+03,2.621973e-02,4.532510e-01,1.803539e+00,9.914412e-06,1.899207e+03,1.896066e+00
252,0.545954,1.893191e+03,2.631117e-02,4.526953e-01,1.800262e+00,9.913977e-06,1.889017e+03,1.894401e+00
253,0.547555,1.883164e+03,1.071890e-01,4.521340e-01,1.796959e+00,9.913514e-06,1.878915e+03,1.892715e+00
254,0.547597,1.873139e+03,3.006278e-02,4.514893e-01,1.793609e+00,9.928887e-06,1.868973e+03,1.891125e+00
255,0.547168,1.863232e+03,2.535084e-02,4.508705e-01,1.790266e+00,9.938435e-06,1.859076e+03,1.889493e+00
256,0.547561,1.853388e+03,2.066604e-02,4.502680e-01,1.786940e+00,9.944621e-06,1.849243e+03,1.887849e+00
257,0.544760,1.843619e+03,1.605296e-02,4.496810e-01,1.783638e+00,9.948345e-06,1.839484e+03,1.886203e+00
258,0.547252,1.833930e+03,1.510165e-02,4.491097e-01,1.780367e+00,9.949204e-06,1.829801e+03,1.884559e+00
259,0.550131,1.824319e+03,1.493046e-02,4.485558e-01,1.777137e+00,9.947196e-06,1.820196e+03,1.882930e+00
260,0.546177,1.814789e+03,1.586197e-02,4.480244e-01,1.773979e+00,9.943676e-06,1.810669e+03,1.881340e+00
261,0.549087,1.805337e+03,1.700414e-02,4.475255e-01,1.770942e+00,9.939517e-06,1.801222e+03,1.879827e+00
262,0.547317,1.795962e+03,1.699274e-02,4.470632e-01,1.768051e+00,9.935433e-06,1.791852e+03,1.878416e+00
263,0.547233,1.786666e+03,1.730179e-02,4.466258e-01,1.765257e+00,9.931520e-06,1.782560e+03,1.877078e+00
264,0.545372,1.777448e+03,1.855706e-02,4.461988e-01,1.762497e+00,9.927892e-06,1.773345e+03,1.875779e+00
265,0.547155,1.768306e+03,2.029365e-02,4.457734e-01,1.759736e+00,9.924660e-06,1.764206e+03,1.874497e+00
266,0.546326,1.759240e+03,2.219922e-02,4.453445e-01,1.756954e+00,9.921943e-06,1.755142e+03,1.873217e+00
267,0.547805,1.750248e+03,2.410548e-02,4.449081e-01,1.754138e+00,9.919813e-06,1.746153e+03,1.871928e+00
268,0.547363,1.741330e+03,2.584242e-02,4.444608e-01,1.751275e+00,9.918278e-06,1.737237e+03,1.870614e+00
269,0.546043,1.732485e+03,2.722599e-02,4.439997e-01,1.748354e+00,9.917286e-06,1.728396e+03,1.869261e+00
270,0.546115,1.723712e+03,2.810213e-02,4.435228e-01,1.745366e+00,9.916756e-06,1.719627e+03,1.867855e+00
271,0.546534,1.715011e+03,2.834470e-02,4.430289e-01,1.742308e+00,9.916640e-06,1.710931e+03,1.866385e+00
272,0.548526,1.706380e+03,2.753021e-02,4.425183e-01,1.739178e+00,9.917040e-06,1.702306e+03,1.864846e+00
273,0.545782,1.697819e+03,2.620609e-02,4.419925e-01,1.735982e+00,9.918537e-06,1.693751e+03,1.863244e+00
274,0.546134,1.689328e+03,2.665853e-02,4.414551e-01,1.732739e+00,9.921009e-06,1.685265e+03,1.861571e+00
275,0.547975,1.680905e+03,2.694752e-02,4.409107e-01,1.729466e+00,9.920845e-06,1.676848e+03,1.859840e+00
276,0.548482,1.672549e+03,2.694819e-02,4.403612e-01,1.726172e+00,9.920721e-06,1.668497e+03,1.858056e+00
277,0.545874,1.664259e+03,2.691088e-02,4.398047e-01,1.722848e+00,9.920594e-06,1.660214e+03,1.856221e+00
278,0.546703,1.656037e+03,2.695774e-02,4.392393e-01,1.719483e+00,9.920682e-06,1.651997e+03,1.854335e+00
279,0.545833,1.647880e+03,2.701674e-02,4.386644e-01,1.716074e+00,9.922134e-06,1.643846e+03,1.852405e+00
280,0.545797,1.639788e+03,2.701226e-02,4.380812e-01,1.712626e+00,9.924085e-06,1.635759e+03,1.850441e+00
281,0.548211,1.631760e+03,2.691199e-02,4.374918e-01,1.709147e+00,9.924634e-06,1.627738e+03,1.848458e+00
282,0.547031,1.623795e+03,2.670695e-02,4.368983e-01,1.705649e+00,9.928633e-06,1.619779e+03,1.846468e+00
283,0.570476,1.615892e+03,2.640110e-02,4.363034e-01,1.702142e+00,9.928883e-06,1.611883e+03,1.844483e+00
284,0.564536,1.608052e+03,2.601374e-02,4.357098e-01,1.698639e+00,9.927832e-06,1.604049e+03,1.842514e+00
285,0.564356,1.600273e+03,2.555505e-02,4.351212e-01,1.695155e+00,9.926910e-06,1.596277e+03,1.840574e+00
286,0.566072,1.592555e+03,2.490644e-02,4.345423e-01,1.691712e+00,9.926183e-06,1.588565e+03,1.838675e+00
287,0.559005,1.584896e+03,2.366950e-02,4.339781e-01,1.688331e+00,9.925686e-06,1.580914e+03,1.836831e+00
288,0.564322,1.577296e+03,2.117522e-02,4.334330e-01,1.685027e+00,9.925395e-06,1.573322e+03,1.835053e+00
289,0.564619,1.569753e+03,1.646026e-02,4.329116e-01,1.681819e+00,9.925307e-06,1.565788e+03,1.833358e+00
290,0.562784,1.562270e+03,1.452091e-02,4.324001e-01,1.678647e+00,9.924914e-06,1.558313e+03,1.831691e+00
291,0.562104,1.554846e+03,1.395248e-02,4.318922e-01,1.675484e+00,9.924248e-06,1.550895e+03,1.830032e+00
292,0.552127,1.547480e+03,1.542451e-02,4.313778e-01,1.672293e+00,9.923592e-06,1.543533e+03,1.828354e+00
293,0.557940,1.540170e+03,1.747535e-02,4.308481e-01,1.669045e+00,9.923293e-06,1.536226e+03,1.826635e+00
294,0.562888,1.532911e+03,1.357013e-02,4.303014e-01,1.665733e+00,9.923555e-06,1.528976e+03,1.824872e+00
295,0.564644,1.525707e+03,1.151588e-02,4.297798e-01,1.662513e+00,9.923404e-06,1.521780e+03,1.823177e+00
296,0.564818,1.518560e+03,1.264491e-02,4.292713e-01,1.659334e+00,9.922579e-06,1.514637e+03,1.821498e+00
297,0.559348,1.511466e+03,1.413597e-02,4.287757e-01,1.656197e+00,9.919422e-06,1.507547e+03,1.819838e+00
298,0.563748,1.504424e+03,1.597617e-02,4.282919e-01,1.653100e+00,9.915277e-06,1.500509e+03,1.818198e+00
299,0.564050,1.497434e+03,1.815187e-02,4.278179e-01,1.650035e+00,9.911121e-06,1.493521e+03,1.816576e+00
300,0.564489,1.490493e+03,2.050473e-02,4.273511e-01,1.646993e+00,9.907260e-06,1.486583e+03,1.814973e+00
301,0.565029,1.483596e+03,2.213099e-02,4.268890e-01,1.643965e+00,9.903978e-06,1.479690e+03,1.813389e+00
302,0.551703,1.476735e+03,2.186151e-02,4.264324e-01,1.640957e+00,9.901870e-06,1.472834e+03,1.811845e+00
303,0.559303,1.469957e+03,6.769212e-02,4.260105e-01,1.638102e+00,9.903359e-06,1.466014e+03,1.810449e+00
304,0.566447,1.463217e+03,1.890459e-02,4.257961e-01,1.636168e+00,9.912665e-06,1.459327e+03,1.809551e+00
305,0.565228,1.456552e+03,2.203780e-02,4.255267e-01,1.633983e+00,9.914121e-06,1.452662e+03,1.808547e+00
306,0.564405,1.449904e+03,2.009634e-02,4.252154e-01,1.631603e+00,9.913574e-06,1.446020e+03,1.807463e+00
307,0.553347,1.443281e+03,3.150265e-02,4.248622e-01,1.629026e+00,9.910475e-06,1.439389e+03,1.806298e+00
308,0.553408,1.436805e+03,1.242971e-01,4.245100e-01,1.626427e+00,9.906334e-06,1.432825e+03,1.805060e+00
309,0.563803,1.430282e+03,1.571613e-02,4.242681e-01,1.624250e+00,9.905640e-06,1.426414e+03,1.803794e+00
310,0.562291,1.423978e+03,1.235753e-01,4.239880e-01,1.621891e+00,9.902733e-06,1.420006e+03,1.802478e+00
311,0.564744,1.417533e+03,1.025921e-02,4.235902e-01,1.619410e+00,9.919245e-06,1.413678e+03,1.801301e+00
312,0.557734,1.411235e+03,1.448942e-02,4.232019e-01,1.616872e+00,9.929695e-06,1.407380e+03,1.800067e+00
313,0.549902,1.404954e+03,1.440829e-02,4.228230e-01,1.614283e+00,9.934161e-06,1.401103e+03,1.798771e+00
314,0.563184,1.398691e+03,1.004441e-02,4.224522e-01,1.611648e+00,9.933238e-06,1.394850e+03,1.797415e+00
315,0.564707,1.392492e+03,4.533343e-02,4.220925e-01,1.608974e+00,9.926779e-06,1.388620e+03,1.796000e+00
316,0.562863,1.386316e+03,1.887317e-02,4.216658e-01,1.606239e+00,9.931706e-06,1.382474e+03,1.794660e+00
317,0.564158,1.380208e+03,1.300205e-02,4.212198e-01,1.603458e+00,9.937895e-06,1.376377e+03,1.793318e+00
318,0.550487,1.374120e+03,1.469597e-02,4.207863e-01,1.600632e+00,9.938047e-06,1.370292e+03,1.791913e+00
319,0.557319,1.368037e+03,2.283159e-02,4.203551e-01,1.597734e+00,9.932824e-06,1.364206e+03,1.790452e+00
320,0.565293,1.361990e+03,1.804180e-02,4.198650e-01,1.594697e+00,9.931877e-06,1.358168e+03,1.789012e+00
321,0.564305,1.356053e+03,7.659650e-03,4.193574e-01,1.591649e+00,9.934718e-06,1.352247e+03,1.787589e+00
322,0.564743,1.350159e+03,9.199853e-03,4.188679e-01,1.588591e+00,9.933380e-06,1.346357e+03,1.786106e+00
323,0.555477,1.344309e+03,2.000006e-02,4.183896e-01,1.585508e+00,9.928612e-06,1.340501e+03,1.784548e+00
324,0.554237,1.338508e+03,2.361298e-02,4.178837e-01,1.582366e+00,9.927685e-06,1.334701e+03,1.782940e+00
325,0.562927,1.332745e+03,1.421378e-02,4.173418e-01,1.579143e+00,9.931348e-06,1.328953e+03,1.781258e+00
326,0.566993,1.327021e+03,1.490441e-02,4.167971e-01,1.575843e+00,9.932053e-06,1.323234e+03,1.779433e+00
327,0.566119,1.321327e+03,1.811665e-02,4.162496e-01,1.572468e+00,9.929729e-06,1.317542e+03,1.777468e+00
328,0.565975,1.315680e+03,2.859886e-02,4.156814e-01,1.569018e+00,9.928541e-06,1.311892e+03,1.775404e+00
329,0.567310,1.310064e+03,1.329353e-02,4.150717e-01,1.565504e+00,9.933649e-06,1.306297e+03,1.773306e+00
330,0.566393,1.304494e+03,1.202599e-02,4.144687e-01,1.561967e+00,9.935925e-06,1.300734e+03,1.771145e+00
331,0.564836,1.298957e+03,1.508456e-02,4.138793e-01,1.558424e+00,9.934592e-06,1.295201e+03,1.768940e+00
332,0.566534,1.293472e+03,2.709512e-02,4.132856e-01,1.554882e+00,9.933981e-06,1.289710e+03,1.766743e+00
333,0.565726,1.288017e+03,1.024462e-02,4.126621e-01,1.551338e+00,9.939723e-06,1.284278e+03,1.764607e+00
334,0.565437,1.282607e+03,9.966188e-03,4.120555e-01,1.547810e+00,9.941848e-06,1.278874e+03,1.762461e+00
335,0.565306,1.277228e+03,1.576993e-02,4.114668e-01,1.544296e+00,9.939924e-06,1.273496e+03,1.760302e+00
336,0.567274,1.271897e+03,2.592716e-02,4.108700e-01,1.540786e+00,9.939456e-06,1.268161e+03,1.758170e+00
337,0.561431,1.266596e+03,1.049786e-02,4.102442e-01,1.537270e+00,9.944831e-06,1.262882e+03,1.756095e+00
338,0.553987,1.261334e+03,1.075514e-02,4.096340e-01,1.533760e+00,9.946271e-06,1.257626e+03,1.753997e+00
339,0.549337,1.256102e+03,1.753606e-02,4.090399e-01,1.530254e+00,9.943576e-06,1.252393e+03,1.751871e+00
340,0.549045,1.250914e+03,2.626878e-02,4.084355e-01,1.526747e+00,9.942779e-06,1.247203e+03,1.749766e+00
341,0.547967,1.245755e+03,1.181735e-02,4.078048e-01,1.523235e+00,9.947650e-06,1.242065e+03,1.747708e+00
342,0.548799,1.240634e+03,1.152656e-02,4.071921e-01,1.519733e+00,9.948397e-06,1.236949e+03,1.745621e+00
343,0.548598,1.235540e+03,1.578253e-02,4.065967e-01,1.516234e+00,9.944867e-06,1.231858e+03,1.743501e+00
344,0.552023,1.230495e+03,2.687348e-02,4.059939e-01,1.512737e+00,9.943237e-06,1.226808e+03,1.741396e+00
345,0.549077,1.225483e+03,1.769964e-02,4.054108e-01,1.509431e+00,9.949257e-06,1.221811e+03,1.739470e+00
346,0.548733,1.220499e+03,1.168263e-02,4.049331e-01,1.506505e+00,9.952661e-06,1.216839e+03,1.737762e+00
347,0.548210,1.215544e+03,1.111002e-02,4.044802e-01,1.503607e+00,9.951497e-06,1.211889e+03,1.736029e+00
348,0.548202,1.210648e+03,3.830238e-02,4.040120e-01,1.500626e+00,9.947980e-06,1.206970e+03,1.734218e+00
349,0.550682,1.205758e+03,9.324352e-03,4.034742e-01,1.497561e+00,9.954808e-06,1.202116e+03,1.732448e+00
350,0.547605,1.200915e+03,9.863552e-03,4.029176e-01,1.494361e+00,9.956420e-06,1.197277e+03,1.730535e+00
351,0.548602,1.196089e+03,1.354483e-02,4.023515e-01,1.491056e+00,9.952519e-06,1.192454e+03,1.728495e+00
352,0.550296,1.191329e+03,5.006326e-02,4.018245e-01,1.487901e+00,9.947535e-06,1.187662e+03,1.726528e+00
353,0.549237,1.186568e+03,6.996914e-03,4.013828e-01,1.485298e+00,9.955694e-06,1.182949e+03,1.725014e+00
354,0.558006,1.181868e+03,1.105051e-02,4.008920e-01,1.482441e+00,9.957821e-06,1.178251e+03,1.723258e+00
355,0.549999,1.177156e+03,7.459191e-03,4.003093e-01,1.479172e+00,9.952806e-06,1.173548e+03,1.721121e+00
356,0.544763,1.172544e+03,7.982034e-02,3.996896e-01,1.475739e+00,9.944865e-06,1.168870e+03,1.718826e+00
357,0.544758,1.167912e+03,1.749973e-02,3.992877e-01,1.473457e+00,9.956319e-06,1.164304e+03,1.717423e+00
358,0.547641,1.163336e+03,2.328195e-02,3.987352e-01,1.470528e+00,9.958740e-06,1.159728e+03,1.715445e+00
359,0.548189,1.158733e+03,1.556645e-02,3.980312e-01,1.466973e+00,9.953300e-06,1.155140e+03,1.712911e+00
360,0.546842,1.154273e+03,1.120975e-01,3.973723e-01,1.463533e+00,9.944927e-06,1.150590e+03,1.710433e+00
361,0.543619,1.149827e+03,1.030425e-01,3.972784e-01,1.462422e+00,9.948437e-06,1.146155e+03,1.709561e+00
362,0.546028,1.145337e+03,9.188231e-02,3.967540e-01,1.459733e+00,9.941820e-06,1.141681e+03,1.707400e+00
363,0.552394,1.140776e+03,2.253393e-02,3.958490e-01,1.455761e+00,9.935772e-06,1.137198e+03,1.704250e+00
364,0.553273,1.136644e+03,3.034276e-01,3.949727e-01,1.451811e+00,9.928269e-06,1.132793e+03,1.701175e+00
365,0.545437,1.132098e+03,3.610885e-02,3.951207e-01,1.452099e+00,9.945574e-06,1.128513e+03,1.701093e+00
366,0.544317,1.127844e+03,5.517684e-02,3.950562e-01,1.451478e+00,9.963922e-06,1.124242e+03,1.700313e+00
367,0.544449,1.123580e+03,2.966053e-02,3.952426e-01,1.451861e+00,9.980781e-06,1.120003e+03,1.700396e+00
368,0.544982,1.119348e+03,3.257356e-02,3.953640e-01,1.451891e+00,9.990829e-06,1.115768e+03,1.700288e+00
369,0.547311,1.115131e+03,2.294946e-02,3.954118e-01,1.451563e+00,9.995085e-06,1.111561e+03,1.699975e+00
370,0.546110,1.110903e+03,2.176990e-02,3.953606e-01,1.450811e+00,9.994763e-06,1.107336e+03,1.699390e+00
371,0.545354,1.106657e+03,1.668711e-02,3.952775e-01,1.449851e+00,9.991041e-06,1.103097e+03,1.698715e+00
372,0.545525,1.102431e+03,2.739477e-02,3.951831e-01,1.448743e+00,9.983300e-06,1.098862e+03,1.697985e+00
373,0.547244,1.098259e+03,4.893200e-02,3.950215e-01,1.447465e+00,9.983558e-06,1.094671e+03,1.697278e+00
374,0.547142,1.094091e+03,1.519341e-02,3.947709e-01,1.446029e+00,9.997857e-06,1.090538e+03,1.696645e+00
375,0.543935,1.089969e+03,1.880767e-02,3.945209e-01,1.444467e+00,1.000667e-05,1.086415e+03,1.695918e+00
376,0.543655,1.085861e+03,1.877389e-02,3.942638e-01,1.442786e+00,1.001197e-05,1.082310e+03,1.695106e+00
377,0.544016,1.081775e+03,1.882227e-02,3.939987e-01,1.440995e+00,1.001454e-05,1.078227e+03,1.694213e+00
378,0.546436,1.077711e+03,1.915876e-02,3.937270e-01,1.439106e+00,1.001469e-05,1.074165e+03,1.693244e+00
379,0.547452,1.073666e+03,1.859117e-02,3.934516e-01,1.437132e+00,1.001252e-05,1.070125e+03,1.692208e+00
380,0.544264,1.069633e+03,1.229885e-02,3.931780e-01,1.435086e+00,1.000754e-05,1.066101e+03,1.691111e+00
381,0.543046,1.065691e+03,7.818484e-02,3.929129e-01,1.432982e+00,9.999159e-06,1.062097e+03,1.689961e+00
382,0.547003,1.061687e+03,1.205703e-02,3.925500e-01,1.430803e+00,1.001140e-05,1.058162e+03,1.688964e+00
383,0.545170,1.057770e+03,1.737869e-02,3.922023e-01,1.428579e+00,1.001872e-05,1.054244e+03,1.687910e+00
384,0.544133,1.053861e+03,1.781428e-02,3.918663e-01,1.426309e+00,1.002125e-05,1.050338e+03,1.686798e+00
385,0.545787,1.049960e+03,1.374502e-02,3.915396e-01,1.423995e+00,1.001941e-05,1.046445e+03,1.685632e+00
386,0.544807,1.046102e+03,3.951378e-02,3.912230e-01,1.421642e+00,1.001330e-05,1.042565e+03,1.684418e+00
387,0.546667,1.042247e+03,1.608730e-02,3.908467e-01,1.419240e+00,1.001877e-05,1.038737e+03,1.683288e+00
388,0.546054,1.038437e+03,1.365462e-02,3.904624e-01,1.416802e+00,1.002418e-05,1.034933e+03,1.682146e+00
389,0.543953,1.034638e+03,1.356344e-02,3.900897e-01,1.414333e+00,1.002490e-05,1.031139e+03,1.680945e+00
390,0.546115,1.030866e+03,2.700296e-02,3.897238e-01,1.411835e+00,1.002221e-05,1.027358e+03,1.679695e+00
391,0.544618,1.027111e+03,1.838092e-02,3.893230e-01,1.409301e+00,1.002567e-05,1.023615e+03,1.678471e+00
392,0.547986,1.023386e+03,1.457047e-02,3.889117e-01,1.406739e+00,1.002996e-05,1.019898e+03,1.677227e+00
393,0.544276,1.019678e+03,1.564266e-02,3.885094e-01,1.404157e+00,1.003072e-05,1.016194e+03,1.675922e+00
394,0.546817,1.015997e+03,2.633149e-02,3.881095e-01,1.401555e+00,1.002965e-05,1.012507e+03,1.674571e+00
395,0.546965,1.012333e+03,1.753119e-02,3.876825e-01,1.398929e+00,1.003366e-05,1.008856e+03,1.673229e+00
396,0.547262,1.008697e+03,1.618195e-02,3.872556e-01,1.396288e+00,1.003668e-05,1.005225e+03,1.671847e+00
397,0.546502,1.005078e+03,1.922934e-02,3.868377e-01,1.393637e+00,1.003680e-05,1.001608e+03,1.670409e+00
398,0.547695,1.001484e+03,2.529890e-02,3.864158e-01,1.390974e+00,1.003707e-05,9.980128e+02,1.668944e+00
399,0.545033,9.979091e+02,1.791033e-02,3.859747e-01,1.388296e+00,1.004101e-05,9.944494e+02,1.667483e+00
400,0.549203,9.943567e+02,1.780193e-02,3.855398e-01,1.385612e+00,1.004290e-05,9.909017e+02,1.665982e+00
401,0.548153,9.908238e+02,2.266275e-02,3.851127e-01,1.382922e+00,1.004255e-05,9.873687e+02,1.664438e+00
402,0.546628,9.873131e+02,2.386936e-02,3.846755e-01,1.380220e+00,1.004470e-05,9.838614e+02,1.662891e+00
403,0.544247,9.838230e+02,1.911460e-02,3.842263e-01,1.377508e+00,1.004771e-05,9.803808e+02,1.661344e+00
404,0.545529,9.803533e+02,1.964868e-02,3.837834e-01,1.374788e+00,1.004856e-05,9.769153e+02,1.659765e+00
405,0.544808,9.769044e+02,2.473119e-02,3.833447e-01,1.372059e+00,1.004774e-05,9.734661e+02,1.658161e+00
406,0.545521,9.734752e+02,2.317527e-02,3.828928e-01,1.369315e+00,1.004920e-05,9.700433e+02,1.656563e+00
407,0.544648,9.700672e+02,2.062024e-02,3.824341e-01,1.366559e+00,1.005151e-05,9.666426e+02,1.654961e+00
408,0.545012,9.666780e+02,2.174245e-02,3.819801e-01,1.363792e+00,1.005206e-05,9.632572e+02,1.653334e+00
409,0.545147,9.633095e+02,2.572492e-02,3.815260e-01,1.361012e+00,1.005192e-05,9.598896e+02,1.651690e+00
410,0.545221,9.599593e+02,2.332895e-02,3.810595e-01,1.358216e+00,1.005398e-05,9.565466e+02,1.650052e+00
411,0.547642,9.566294e+02,2.194779e-02,3.805896e-01,1.355407e+00,1.005615e-05,9.532231e+02,1.648403e+00
412,0.545401,9.533177e+02,2.329662e-02,3.801231e-01,1.352585e+00,1.005690e-05,9.499150e+02,1.646730e+00
413,0.544207,9.500257e+02,2.550723e-02,3.796539e-01,1.349749e+00,1.005761e-05,9.466257e+02,1.645042e+00
414,0.546111,9.467512e+02,2.242749e-02,3.791741e-01,1.346896e+00,1.006005e-05,9.433594e+02,1.643355e+00
415,0.544292,9.434946e+02,1.942593e-02,3.786928e-01,1.344030e+00,1.006208e-05,9.401108e+02,1.641651e+00
416,0.545022,9.402583e+02,2.115597e-02,3.782140e-01,1.341151e+00,1.006285e-05,9.368778e+02,1.639917e+00
417,0.552302,9.370409e+02,2.261356e-02,3.777305e-01,1.338258e+00,1.006396e-05,9.336641e+02,1.638165e+00
418,0.546293,9.338413e+02,2.046890e-02,3.772379e-01,1.335348e+00,1.006637e-05,9.304718e+02,1.636402e+00
419,0.545609,9.306600e+02,2.010062e-02,3.767446e-01,1.332424e+00,1.006815e-05,9.272961e+02,1.634610e+00
420,0.545776,9.274964e+02,2.171529e-02,3.762520e-01,1.329487e+00,1.006892e-05,9.241361e+02,1.632788e+00
421,0.545238,9.243507e+02,2.216569e-02,3.757534e-01,1.326536e+00,1.007027e-05,9.209953e+02,1.630946e+00
422,0.545699,9.212225e+02,2.032128e-02,3.752473e-01,1.323569e+00,1.007253e-05,9.178742e+02,1.629089e+00
423,0.544259,9.181118e+02,2.009313e-02,3.747407e-01,1.320592e+00,1.007416e-05,9.147691e+02,1.627206e+00
424,0.544964,9.150184e+02,2.138692e-02,3.742340e-01,1.317605e+00,1.007515e-05,9.116798e+02,1.625299e+00
425,0.544644,9.119421e+02,2.114320e-02,3.737216e-01,1.314607e+00,1.007695e-05,9.086093e+02,1.623381e+00
426,0.545216,9.088830e+02,1.959389e-02,3.732041e-01,1.311601e+00,1.007957e-05,9.055571e+02,1.621455e+00
427,0.544867,9.058407e+02,1.948072e-02,3.726873e-01,1.308591e+00,1.008189e-05,9.025204e+02,1.619513e+00
428,0.547466,9.028153e+02,2.043849e-02,3.721708e-01,1.305577e+00,1.008424e-05,8.994995e+02,1.617561e+00
429,0.544944,8.998064e+02,1.984671e-02,3.716503e-01,1.302561e+00,1.008796e-05,8.964967e+02,1.615610e+00
430,0.546161,8.968141e+02,1.861999e-02,3.711276e-01,1.299545e+00,1.009060e-05,8.935112e+02,1.613660e+00
431,0.545497,8.938382e+02,1.863998e-02,3.706071e-01,1.296532e+00,1.009250e-05,8.905407e+02,1.611705e+00
432,0.545355,8.908787e+02,1.932503e-02,3.700879e-01,1.293522e+00,1.009419e-05,8.875860e+02,1.609751e+00
433,0.545114,8.879352e+02,1.862755e-02,3.695665e-01,1.290516e+00,1.009651e-05,8.846487e+02,1.607804e+00
434,0.545812,8.850078e+02,1.770219e-02,3.690452e-01,1.287515e+00,1.009902e-05,8.817277e+02,1.605863e+00
435,0.546719,8.820963e+02,1.783237e-02,3.685270e-01,1.284522e+00,1.010104e-05,8.788215e+02,1.603922e+00
436,0.546652,8.792007e+02,1.830043e-02,3.680105e-01,1.281535e+00,1.010296e-05,8.759308e+02,1.601985e+00
437,0.544836,8.763206e+02,1.761641e-02,3.674931e-01,1.278555e+00,1.010540e-05,8.730569e+02,1.600056e+00
438,0.546338,8.734561e+02,1.693910e-02,3.669769e-01,1.275582e+00,1.010789e-05,8.701985e+02,1.598133e+00
439,0.546880,8.706070e+02,1.713475e-02,3.664639e-01,1.272618e+00,1.010999e-05,8.673546e+02,1.596211e+00
440,0.545606,8.677733e+02,1.743470e-02,3.659524e-01,1.269662e+00,1.011213e-05,8.645259e+02,1.594293e+00
441,0.544060,8.649546e+02,1.682113e-02,3.654407e-01,1.266713e+00,1.011480e-05,8.617133e+02,1.592384e+00
442,0.545040,8.621511e+02,1.634073e-02,3.649306e-01,1.263773e+00,1.011760e-05,8.589156e+02,1.590478e+00
443,0.544568,8.593625e+02,1.656538e-02,3.644234e-01,1.260842e+00,1.012030e-05,8.561321e+02,1.588576e+00
444,0.546753,8.565888e+02,1.674989e-02,3.639175e-01,1.257919e+00,1.012335e-05,8.533635e+02,1.586678e+00
445,0.546569,8.538298e+02,1.623437e-02,3.634118e-01,1.255004e+00,1.012644e-05,8.506103e+02,1.584789e+00
446,0.545766,8.510854e+02,1.590801e-02,3.629078e-01,1.252099e+00,1.012880e-05,8.478716e+02,1.582905e+00
447,0.544800,8.483555e+02,1.613979e-02,3.624065e-01,1.249203e+00,1.013089e-05,8.451467e+02,1.581024e+00
448,0.544796,8.456400e+02,1.625558e-02,3.619064e-01,1.246315e+00,1.013298e-05,8.424364e+02,1.579150e+00
449,0.545219,8.429388e+02,1.584259e-02,3.614067e-01,1.243437e+00,1.013533e-05,8.397408e+02,1.577283e+00
450,0.548143,8.402518e+02,1.563259e-02,3.609088e-01,1.240567e+00,1.013759e-05,8.370592e+02,1.575421e+00
451,0.545090,8.375788e+02,1.585886e-02,3.604133e-01,1.237707e+00,1.013963e-05,8.343912e+02,1.573563e+00
452,0.549902,8.349198e+02,1.593674e-02,3.599189e-01,1.234855e+00,1.014175e-05,8.317374e+02,1.571710e+00
453,0.549804,8.322747e+02,1.561592e-02,3.594251e-01,1.232011e+00,1.014406e-05,8.290977e+02,1.569862e+00
454,0.545773,8.296433e+02,1.549108e-02,3.589330e-01,1.229176e+00,1.014629e-05,8.264717e+02,1.568018e+00
455,0.544037,8.270256e+02,1.570481e-02,3.584430e-01,1.226349e+00,1.014834e-05,8.238589e+02,1.566175e+00
456,0.544694,8.244214e+02,1.576338e-02,3.579540e-01,1.223530e+00,1.015047e-05,8.212599e+02,1.564337e+00
457,0.544367,8.218308e+02,1.552214e-02,3.574656e-01,1.220719e+00,1.015276e-05,8.186745e+02,1.562502e+00
458,0.544853,8.192534e+02,1.546082e-02,3.569789e-01,1.217915e+00,1.015496e-05,8.161024e+02,1.560670e+00
459,0.545464,8.166894e+02,1.566134e-02,3.564940e-01,1.215120e+00,1.015704e-05,8.135432e+02,1.558839e+00
460,0.546018,8.141385e+02,1.571605e-02,3.560100e-01,1.212332e+00,1.015921e-05,8.109974e+02,1.557013e+00
461,0.545268,8.116006e+02,1.554664e-02,3.555269e-01,1.209552e+00,1.016150e-05,8.084648e+02,1.555191e+00
462,0.545204,8.090758e+02,1.553628e-02,3.550454e-01,1.206780e+00,1.016373e-05,8.059450e+02,1.553372e+00
463,0.545558,8.065638e+02,1.572871e-02,3.545657e-01,1.204016e+00,1.016588e-05,8.034379e+02,1.551556e+00
464,0.545907,8.040646e+02,1.579362e-02,3.540870e-01,1.201261e+00,1.016811e-05,8.009437e+02,1.549746e+00
465,0.544537,8.015781e+02,1.568991e-02,3.536095e-01,1.198515e+00,1.017044e-05,7.984623e+02,1.547941e+00
466,0.545540,7.991042e+02,1.572073e-02,3.531336e-01,1.195777e+00,1.017273e-05,7.959934e+02,1.546141e+00
467,0.545832,7.966428e+02,1.590865e-02,3.526596e-01,1.193048e+00,1.017496e-05,7.935368e+02,1.544345e+00
468,0.545624,7.941938e+02,1.598869e-02,3.521868e-01,1.190328e+00,1.017726e-05,7.910927e+02,1.542555e+00
469,0.552686,7.917571e+02,1.593711e-02,3.517153e-01,1.187616e+00,1.017965e-05,7.886611e+02,1.540771e+00
470,0.549433,7.893327e+02,1.599290e-02,3.512455e-01,1.184914e+00,1.018200e-05,7.862416e+02,1.538992e+00
471,0.561734,7.869204e+02,1.616881e-02,3.507774e-01,1.182220e+00,1.018430e-05,7.838340e+02,1.537216e+00
472,0.545374,7.845202e+02,1.625261e-02,3.503105e-01,1.179534e+00,1.018665e-05,7.814386e+02,1.535446e+00
473,0.544589,7.821319e+02,1.622692e-02,3.498447e-01,1.176856e+00,1.018907e-05,7.790553e+02,1.533679e+00
474,0.546928,7.797555e+02,1.628008e-02,3.493803e-01,1.174185e+00,1.019144e-05,7.766838e+02,1.531916e+00
475,0.546704,7.773909e+02,1.642036e-02,3.489171e-01,1.171522e+00,1.019375e-05,7.743239e+02,1.530155e+00
476,0.544934,7.750380e+02,1.647571e-02,3.484545e-01,1.168864e+00,1.019610e-05,7.719758e+02,1.528396e+00
477,0.546555,7.726967e+02,1.642664e-02,3.479923e-01,1.166211e+00,1.019848e-05,7.696394e+02,1.526639e+00
478,0.546949,7.703668e+02,1.641441e-02,3.475303e-01,1.163561e+00,1.020080e-05,7.673144e+02,1.524881e+00
479,0.555820,7.680484e+02,1.643234e-02,3.470681e-01,1.160912e+00,1.020304e-05,7.650008e+02,1.523122e+00
480,0.545769,7.657412e+02,1.631521e-02,3.466047e-01,1.158262e+00,1.020527e-05,7.626987e+02,1.521361e+00
481,0.545095,7.634452e+02,1.599232e-02,3.461389e-01,1.155606e+00,1.020748e-05,7.604078e+02,1.519593e+00
482,0.545120,7.611601e+02,1.547964e-02,3.456697e-01,1.152939e+00,1.020958e-05,7.581282e+02,1.517815e+00
483,0.544798,7.588857e+02,1.463902e-02,3.451951e-01,1.150254e+00,1.021153e-05,7.558596e+02,1.516022e+00
484,0.544863,7.566221e+02,1.344517e-02,3.447136e-01,1.147545e+00,1.021337e-05,7.536022e+02,1.514210e+00
485,0.552122,7.543711e+02,1.358643e-02,3.442286e-01,1.144827e+00,1.021524e-05,7.513561e+02,1.512389e+00
486,0.553078,7.521332e+02,1.534638e-02,3.437664e-01,1.142199e+00,1.021777e-05,7.491212e+02,1.510634e+00
487,0.567176,7.499011e+02,1.219786e-02,3.433587e-01,1.139777e+00,1.022133e-05,7.468967e+02,1.509027e+00
488,0.554153,7.476819e+02,1.236125e-02,3.429662e-01,1.137402e+00,1.022420e-05,7.446817e+02,1.507448e+00
489,0.562113,7.454744e+02,1.356115e-02,3.425674e-01,1.135005e+00,1.022688e-05,7.424774e+02,1.505856e+00
490,0.557681,7.432775e+02,1.275128e-02,3.421489e-01,1.132556e+00,1.023034e-05,7.402858e+02,1.504234e+00
491,0.549137,7.410907e+02,1.193361e-02,3.417166e-01,1.130061e+00,1.023342e-05,7.381044e+02,1.502578e+00
492,0.547475,7.389134e+02,1.202079e-02,3.412753e-01,1.127524e+00,1.023533e-05,7.359317e+02,1.500883e+00
493,0.553802,7.367466e+02,1.231076e-02,3.408237e-01,1.124953e+00,1.023697e-05,7.337694e+02,1.499161e+00
494,0.546109,7.345911e+02,1.180523e-02,3.403659e-01,1.122376e+00,1.023951e-05,7.316191e+02,1.497441e+00
495,0.546751,7.324469e+02,1.195871e-02,3.399274e-01,1.119875e+00,1.024253e-05,7.294793e+02,1.495775e+00
496,0.545425,7.303105e+02,1.089857e-02,3.395264e-01,1.117506e+00,1.024545e-05,7.273484e+02,1.494195e+00
497,0.544979,7.281853e+02,1.178778e-02,3.391390e-01,1.115180e+00,1.024792e-05,7.252265e+02,1.492640e+00
498,0.545665,7.260709e+02,1.229853e-02,3.387419e-01,1.112831e+00,1.025093e-05,7.231159e+02,1.491070e+00
499,0.545013,7.239660e+02,1.117556e-02,3.383294e-01,1.110439e+00,1.025449e-05,7.210165e+02,1.489474e+00
500,0.546463,7.218705e+02,1.083272e-02,3.379069e-01,1.108006e+00,1.025720e-05,7.189260e+02,1.487840e+00
501,0.554609,7.197847e+02,1.153798e-02,3.374779e-01,1.105542e+00,1.025904e-05,7.168440e+02,1.486176e+00
502,0.546166,7.177095e+02,1.207499e-02,3.370463e-01,1.103080e+00,1.026137e-05,7.147727e+02,1.484515e+00
503,0.547730,7.156439e+02,1.126216e-02,3.366273e-01,1.100676e+00,1.026470e-05,7.127125e+02,1.482903e+00
504,0.552264,7.135874e+02,1.052696e-02,3.362306e-01,1.098351e+00,1.026787e-05,7.106610e+02,1.481343e+00
505,0.547024,7.115407e+02,1.128021e-02,3.358438e-01,1.096053e+00,1.027027e-05,7.086177e+02,1.479794e+00
506,0.546755,7.095040e+02,1.210914e-02,3.354512e-01,1.093741e+00,1.027287e-05,7.065844e+02,1.478237e+00
507,0.547645,7.074763e+02,1.097442e-02,3.350458e-01,1.091399e+00,1.027627e-05,7.045622e+02,1.476666e+00
508,0.545786,7.054579e+02,1.048751e-02,3.346327e-01,1.089028e+00,1.027918e-05,7.025487e+02,1.475070e+00
509,0.544348,7.034488e+02,1.127170e-02,3.342179e-01,1.086643e+00,1.028121e-05,7.005432e+02,1.473457e+00
510,0.547814,7.014495e+02,1.212092e-02,3.338075e-01,1.084281e+00,1.028355e-05,6.985474e+02,1.471861e+00
511,0.548845,6.996399e+02,1.927615e-01,3.334084e-01,1.081974e+00,1.028693e-05,6.965614e+02,1.470311e+00
512,0.554832,6.974765e+02,1.856110e-02,3.340826e-01,1.084068e+00,1.032851e-05,6.945672e+02,1.472596e+00
513,0.560169,6.955642e+02,1.410323e-02,3.346522e-01,1.085717e+00,1.036330e-05,6.926553e+02,1.474477e+00
514,0.555421,6.936584e+02,9.437918e-03,3.351225e-01,1.086957e+00,1.039289e-05,6.907509e+02,1.475986e+00
515,0.546563,6.917461e+02,1.001009e-02,3.354947e-01,1.087797e+00,1.041166e-05,6.888357e+02,1.477121e+00
516,0.544987,6.898168e+02,1.157810e-02,3.357762e-01,1.088271e+00,1.042293e-05,6.869032e+02,1.477909e+00
517,0.544468,6.878752e+02,1.460026e-02,3.359748e-01,1.088414e+00,1.042779e-05,6.849579e+02,1.478381e+00
518,0.546255,6.859247e+02,2.979226e-02,3.360981e-01,1.088261e+00,1.042779e-05,6.829919e+02,1.478573e+00
519,0.544346,6.839766e+02,3.104704e-02,3.364305e-01,1.088970e+00,1.043451e-05,6.810407e+02,1.479497e+00
520,0.548031,6.821380e+02,1.065212e-01,3.367542e-01,1.089660e+00,1.044205e-05,6.791246e+02,1.480405e+00
521,0.546804,6.801721e+02,1.003038e-02,3.377490e-01,1.093014e+00,1.048168e-05,6.772478e+02,1.483485e+00
522,0.545205,6.783523e+02,8.789402e-03,3.386036e-01,1.095794e+00,1.051502e-05,6.754231e+02,1.486063e+00
523,0.547162,6.765233e+02,1.232726e-02,3.393251e-01,1.098036e+00,1.054153e-05,6.735854e+02,1.488164e+00
524,0.548811,6.746727e+02,1.308597e-02,3.399243e-01,1.099786e+00,1.056140e-05,6.717300e+02,1.489828e+00
525,0.551459,6.728050e+02,1.328167e-02,3.404125e-01,1.101092e+00,1.057522e-05,6.698591e+02,1.491094e+00
526,0.546249,6.709276e+02,1.351654e-02,3.408008e-01,1.102000e+00,1.058387e-05,6.679792e+02,1.492010e+00
527,0.552950,6.690483e+02,1.351999e-02,3.411007e-01,1.102556e+00,1.058848e-05,6.660985e+02,1.492625e+00
528,0.556397,6.671733e+02,1.207660e-02,3.413242e-01,1.102807e+00,1.059029e-05,6.642240e+02,1.492991e+00
529,0.560918,6.653101e+02,1.218828e-02,3.414804e-01,1.102790e+00,1.059047e-05,6.623605e+02,1.493150e+00
530,0.547750,6.634594e+02,1.235047e-02,3.415784e-01,1.102540e+00,1.059009e-05,6.605098e+02,1.493143e+00
531,0.546778,6.616217e+02,1.358817e-02,3.416261e-01,1.102087e+00,1.058919e-05,6.586714e+02,1.493002e+00
532,0.570492,6.597946e+02,1.545236e-02,3.416328e-01,1.101482e+00,1.059023e-05,6.568432e+02,1.492814e+00
533,0.565559,6.579762e+02,1.625513e-02,3.416012e-01,1.100722e+00,1.059267e-05,6.550251e+02,1.492544e+00
534,0.548265,6.561669e+02,1.687782e-02,3.415353e-01,1.099822e+00,1.059650e-05,6.532165e+02,1.492202e+00
535,0.551426,6.543668e+02,1.744346e-02,3.414380e-01,1.098792e+00,1.060096e-05,6.514173e+02,1.491791e+00
536,0.547778,6.525759e+02,1.798827e-02,3.413117e-01,1.097642e+00,1.060580e-05,6.496276e+02,1.491312e+00
537,0.548027,6.507943e+02,1.852373e-02,3.411579e-01,1.096376e+00,1.061079e-05,6.478474e+02,1.490762e+00
538,0.549536,6.490215e+02,1.905283e-02,3.409780e-01,1.095002e+00,1.061555e-05,6.460763e+02,1.490140e+00
539,0.546986,6.472567e+02,1.956861e-02,3.407734e-01,1.093526e+00,1.061973e-05,6.443134e+02,1.489439e+00
540,0.549116,6.454993e+02,2.001503e-02,3.405454e-01,1.091952e+00,1.062313e-05,6.425581e+02,1.488661e+00
541,0.549742,6.437479e+02,1.975264e-02,3.402956e-01,1.090291e+00,1.062566e-05,6.408097e+02,1.487806e+00
542,0.548432,6.420037e+02,1.999281e-02,3.400293e-01,1.088577e+00,1.062767e-05,6.390681e+02,1.486941e+00
543,0.546620,6.402669e+02,2.125906e-02,3.397441e-01,1.086780e+00,1.062866e-05,6.373332e+02,1.485977e+00
544,0.544760,6.385365e+02,2.245630e-02,3.394429e-01,1.084910e+00,1.062867e-05,6.356047e+02,1.484918e+00
545,0.547314,6.368104e+02,2.206725e-02,3.391297e-01,1.082977e+00,1.062753e-05,6.338825e+02,1.483771e+00
546,0.550012,6.350836e+02,1.640387e-02,3.388116e-01,1.080994e+00,1.062439e-05,6.321649e+02,1.482536e+00
547,0.545421,6.334213e+02,6.818739e-02,3.384926e-01,1.078972e+00,1.061922e-05,6.304544e+02,1.481225e+00
548,0.546785,6.316886e+02,1.831962e-02,3.380763e-01,1.076891e+00,1.063645e-05,6.287753e+02,1.480036e+00
549,0.545983,6.300157e+02,2.331846e-02,3.376716e-01,1.074782e+00,1.064849e-05,6.271012e+02,1.478747e+00
550,0.545261,6.283418e+02,2.388709e-02,3.372709e-01,1.072639e+00,1.065656e-05,6.254307e+02,1.477363e+00
551,0.545472,6.266717e+02,2.397300e-02,3.368704e-01,1.070465e+00,1.066137e-05,6.237645e+02,1.475892e+00
552,0.547931,6.250062e+02,2.421923e-02,3.364694e-01,1.068261e+00,1.066325e-05,6.221029e+02,1.474342e+00
553,0.546067,6.233454e+02,2.437901e-02,3.360686e-01,1.066031e+00,1.066249e-05,6.204462e+02,1.472725e+00
554,0.547189,6.216883e+02,2.299889e-02,3.356700e-01,1.063782e+00,1.065923e-05,6.187947e+02,1.471053e+00
555,0.546475,6.200316e+02,1.768249e-02,3.352785e-01,1.061522e+00,1.065309e-05,6.171478e+02,1.469338e+00
556,0.544900,6.184353e+02,6.468965e-02,3.348921e-01,1.059256e+00,1.064550e-05,6.155088e+02,1.467604e+00
557,0.549877,6.167758e+02,2.002101e-02,3.344192e-01,1.056960e+00,1.065979e-05,6.138983e+02,1.466042e+00
558,0.547540,6.151679e+02,2.398450e-02,3.339638e-01,1.054662e+00,1.066936e-05,6.122909e+02,1.464440e+00
559,0.544805,6.135582e+02,2.284264e-02,3.335162e-01,1.052352e+00,1.067584e-05,6.106867e+02,1.462806e+00
560,0.549167,6.119516e+02,2.042865e-02,3.330716e-01,1.050029e+00,1.067993e-05,6.090869e+02,1.461150e+00
561,0.549697,6.103519e+02,2.017281e-02,3.326293e-01,1.047690e+00,1.068195e-05,6.074919e+02,1.459465e+00
562,0.550020,6.087574e+02,2.021159e-02,3.321888e-01,1.045338e+00,1.068218e-05,6.059019e+02,1.457755e+00
563,0.547848,6.071685e+02,2.047898e-02,3.317506e-01,1.042974e+00,1.068091e-05,6.043173e+02,1.456027e+00
564,0.547990,6.055852e+02,2.075400e-02,3.313154e-01,1.040604e+00,1.067845e-05,6.027382e+02,1.454289e+00
565,0.547846,6.040064e+02,2.018378e-02,3.308853e-01,1.038233e+00,1.067490e-05,6.011646e+02,1.452548e+00
566,0.547533,6.024286e+02,1.603618e-02,3.304639e-01,1.035866e+00,1.066990e-05,5.995955e+02,1.450808e+00
567,0.547475,6.008705e+02,2.763094e-02,3.300568e-01,1.033510e+00,1.066271e-05,5.980302e+02,1.449069e+00
568,0.544821,5.993081e+02,1.894064e-02,3.296114e-01,1.031153e+00,1.066688e-05,5.964809e+02,1.447438e+00
569,0.545148,5.977618e+02,1.504284e-02,3.291525e-01,1.028801e+00,1.067576e-05,5.949430e+02,1.445858e+00
570,0.545943,5.962244e+02,1.687561e-02,3.287111e-01,1.026457e+00,1.068073e-05,5.934080e+02,1.444255e+00
571,0.546363,5.946859e+02,1.545419e-02,3.282846e-01,1.024118e+00,1.068174e-05,5.918754e+02,1.442618e+00
572,0.546559,5.931510e+02,1.556400e-02,3.278717e-01,1.021783e+00,1.067903e-05,5.903448e+02,1.440948e+00
573,0.544476,5.916403e+02,3.134092e-02,3.274528e-01,1.019447e+00,1.067760e-05,5.888228e+02,1.439283e+00
574,0.546064,5.901174e+02,1.482035e-02,3.269878e-01,1.017098e+00,1.068754e-05,5.873208e+02,1.437699e+00
575,0.543608,5.886153e+02,1.773249e-02,3.265385e-01,1.014750e+00,1.069271e-05,5.858202e+02,1.436064e+00
576,0.543336,5.871102e+02,1.723799e-02,3.261027e-01,1.012401e+00,1.069335e-05,5.843201e+02,1.434378e+00
577,0.543927,5.856035e+02,1.407730e-02,3.256796e-01,1.010052e+00,1.068992e-05,5.828210e+02,1.432645e+00
578,0.545825,5.841242e+02,3.406441e-02,3.252650e-01,1.007706e+00,1.068405e-05,5.813262e+02,1.430886e+00
579,0.547716,5.826262e+02,1.402203e-02,3.247991e-01,1.005348e+00,1.069136e-05,5.798527e+02,1.429226e+00
580,0.547871,5.811530e+02,1.605283e-02,3.243454e-01,1.002998e+00,1.069575e-05,5.783821e+02,1.427542e+00
581,0.545218,5.796781e+02,1.546076e-02,3.239077e-01,1.000655e+00,1.069609e-05,5.769122e+02,1.425826e+00
582,0.546493,5.782047e+02,1.468104e-02,3.234844e-01,9.983211e-01,1.069297e-05,5.754441e+02,1.424084e+00
583,0.548571,5.767532e+02,2.909462e-02,3.230619e-01,9.959945e-01,1.069023e-05,5.739827e+02,1.422352e+00
584,0.545674,5.752897e+02,1.431384e-02,3.225992e-01,9.936638e-01,1.069849e-05,5.725384e+02,1.420713e+00
585,0.550325,5.738455e+02,1.656211e-02,3.221514e-01,9.913433e-01,1.070326e-05,5.710964e+02,1.419053e+00
586,0.546661,5.723995e+02,1.584149e-02,3.217190e-01,9.890309e-01,1.070403e-05,5.696556e+02,1.417364e+00
587,0.546967,5.709547e+02,1.453228e-02,3.213006e-01,9.867261e-01,1.070120e-05,5.682165e+02,1.415649e+00
588,0.548384,5.695334e+02,3.060637e-02,3.208839e-01,9.844269e-01,1.069817e-05,5.667835e+02,1.413936e+00
589,0.545975,5.680975e+02,1.446791e-02,3.204232e-01,9.821195e-01,1.070678e-05,5.653682e+02,1.412315e+00
590,0.547594,5.666825e+02,1.692098e-02,3.199768e-01,9.798187e-01,1.071167e-05,5.639551e+02,1.410665e+00
591,0.548681,5.652655e+02,1.642117e-02,3.195448e-01,9.775222e-01,1.071244e-05,5.625430e+02,1.408976e+00
592,0.547901,5.638484e+02,1.430005e-02,3.191262e-01,9.752301e-01,1.070953e-05,5.611324e+02,1.407254e+00
593,0.549343,5.624546e+02,3.065151e-02,3.187129e-01,9.729427e-01,1.070541e-05,5.597268e+02,1.405520e+00
594,0.555707,5.610457e+02,1.437034e-02,3.182552e-01,9.706464e-01,1.071312e-05,5.583385e+02,1.403878e+00
595,0.546052,5.596577e+02,1.639137e-02,3.178100e-01,9.683572e-01,1.071784e-05,5.569529e+02,1.402211e+00
596,0.548890,5.582683e+02,1.588963e-02,3.173796e-01,9.660744e-01,1.071864e-05,5.555685e+02,1.400512e+00
597,0.548706,5.568800e+02,1.477637e-02,3.169628e-01,9.637989e-01,1.071600e-05,5.541857e+02,1.398786e+00
598,0.544308,5.555122e+02,2.856403e-02,3.165485e-01,9.615300e-01,1.071318e-05,5.528085e+02,1.397063e+00
599,0.545089,5.541325e+02,1.459360e-02,3.160951e-01,9.592564e-01,1.072103e-05,5.514471e+02,1.395427e+00
600,0.547402,5.527712e+02,1.649828e-02,3.156547e-01,9.569923e-01,1.072578e-05,5.500882e+02,1.393772e+00
601,0.546382,5.514083e+02,1.587058e-02,3.152293e-01,9.547363e-01,1.072660e-05,5.487303e+02,1.392090e+00
602,0.546656,5.500470e+02,1.531119e-02,3.148173e-01,9.524886e-01,1.072397e-05,5.473740e+02,1.390383e+00
603,0.544752,5.487054e+02,2.829726e-02,3.144055e-01,9.502473e-01,1.072165e-05,5.460237e+02,1.388685e+00
604,0.545571,5.473528e+02,1.489542e-02,3.139558e-01,9.480011e-01,1.072965e-05,5.446889e+02,1.387070e+00
605,0.551791,5.460177e+02,1.686435e-02,3.135194e-01,9.457633e-01,1.073427e-05,5.433561e+02,1.385431e+00
606,0.551122,5.446808e+02,1.624054e-02,3.130976e-01,9.435321e-01,1.073491e-05,5.420242e+02,1.383759e+00
607,0.552431,5.433460e+02,1.621814e-02,3.126888e-01,9.413075e-01,1.073207e-05,5.406938e+02,1.382059e+00
608,0.544330,5.420306e+02,2.980825e-02,3.122894e-01,9.391169e-01,1.072955e-05,5.393690e+02,1.380391e+00
609,0.545020,5.407033e+02,1.622768e-02,3.118560e-01,9.369357e-01,1.073767e-05,5.380595e+02,1.378822e+00
610,0.549796,5.393938e+02,1.833404e-02,3.114407e-01,9.347792e-01,1.074266e-05,5.367520e+02,1.377244e+00
611,0.551856,5.380828e+02,1.806084e-02,3.110447e-01,9.326460e-01,1.074386e-05,5.354454e+02,1.375653e+00
612,0.553285,5.367724e+02,1.708044e-02,3.106662e-01,9.305346e-01,1.074173e-05,5.341400e+02,1.374050e+00
613,0.544407,5.354815e+02,3.084916e-02,3.102942e-01,9.284408e-01,1.073911e-05,5.328395e+02,1.372458e+00
614,0.577076,5.341786e+02,1.743656e-02,3.098864e-01,9.263503e-01,1.074710e-05,5.315539e+02,1.370960e+00
615,0.565317,5.328930e+02,1.892134e-02,3.094960e-01,9.242886e-01,1.075245e-05,5.302708e+02,1.369466e+00
616,0.569403,5.316087e+02,2.075697e-02,3.092508e-01,9.226739e-01,1.075726e-05,5.289876e+02,1.368405e+00
617,0.565922,5.303237e+02,2.133612e-02,3.090002e-01,9.210062e-01,1.075804e-05,5.277051e+02,1.367258e+00
618,0.552915,5.290549e+02,3.540099e-02,3.087396e-01,9.192916e-01,1.075666e-05,5.264254e+02,1.366048e+00
619,0.547292,5.277774e+02,2.668361e-02,3.084309e-01,9.175270e-01,1.076413e-05,5.251599e+02,1.364868e+00
620,0.546485,5.265146e+02,2.910987e-02,3.081156e-01,9.157314e-01,1.077013e-05,5.238980e+02,1.363646e+00
621,0.547952,5.252513e+02,3.122872e-02,3.078057e-01,9.139162e-01,1.077235e-05,5.226360e+02,1.362372e+00
622,0.545547,5.239908e+02,3.574845e-02,3.075049e-01,9.120977e-01,1.077163e-05,5.213744e+02,1.361068e+00
623,0.544367,5.227376e+02,4.219409e-02,3.072055e-01,9.103000e-01,1.077318e-05,5.201181e+02,1.359804e+00
624,0.545632,5.214788e+02,3.457539e-02,3.069094e-01,9.085625e-01,1.078111e-05,5.188701e+02,1.358657e+00
625,0.543081,5.202152e+02,2.567210e-02,3.066703e-01,9.069545e-01,1.078731e-05,5.176183e+02,1.357631e+00
626,0.545321,5.189581e+02,1.681029e-02,3.065100e-01,9.055284e-01,1.079126e-05,5.163724e+02,1.356777e+00
627,0.546365,5.177292e+02,2.243093e-02,3.063177e-01,9.040229e-01,1.079549e-05,5.151406e+02,1.355836e+00
628,0.546786,5.164998e+02,1.773958e-02,3.060797e-01,9.024418e-01,1.080431e-05,5.139186e+02,1.354849e+00
629,0.546087,5.152784e+02,1.857886e-02,3.058244e-01,9.008022e-01,1.081090e-05,5.126994e+02,1.353777e+00
630,0.546848,5.140579e+02,1.927055e-02,3.055599e-01,8.991169e-01,1.081405e-05,5.114813e+02,1.352624e+00
631,0.545976,5.128437e+02,2.334928e-02,3.052846e-01,8.973971e-01,1.081537e-05,5.102662e+02,1.351416e+00
632,0.547413,5.116319e+02,2.197212e-02,3.049847e-01,8.956503e-01,1.081978e-05,5.090591e+02,1.350205e+00
633,0.544183,5.104245e+02,1.878215e-02,3.046735e-01,8.939003e-01,1.082573e-05,5.078581e+02,1.349003e+00
634,0.544214,5.092221e+02,1.740369e-02,3.043932e-01,8.922501e-01,1.083091e-05,5.066601e+02,1.347901e+00
635,0.547469,5.080231e+02,1.794649e-02,3.041026e-01,8.905466e-01,1.083272e-05,5.054638e+02,1.346709e+00
636,0.545207,5.068310e+02,2.186743e-02,3.037974e-01,8.887939e-01,1.083300e-05,5.042711e+02,1.345449e+00
637,0.543522,5.056404e+02,1.920039e-02,3.034618e-01,8.869924e-01,1.083664e-05,5.030865e+02,1.344163e+00
638,0.544422,5.044556e+02,1.720623e-02,3.031085e-01,8.851498e-01,1.084088e-05,5.019073e+02,1.342833e+00
639,0.546621,5.032747e+02,1.658670e-02,3.027504e-01,8.832734e-01,1.084276e-05,5.007306e+02,1.341441e+00
640,0.544911,5.020970e+02,1.669533e-02,3.023892e-01,8.813676e-01,1.084242e-05,4.995565e+02,1.339993e+00
641,0.545425,5.009255e+02,1.824730e-02,3.020179e-01,8.794346e-01,1.084229e-05,4.983872e+02,1.338511e+00
642,0.545265,4.997562e+02,1.514187e-02,3.016285e-01,8.774758e-01,1.084507e-05,4.972249e+02,1.337023e+00
643,0.548086,4.985929e+02,1.399583e-02,3.012343e-01,8.754981e-01,1.084752e-05,4.960667e+02,1.335506e+00
644,0.545896,4.974329e+02,1.357520e-02,3.008421e-01,8.735061e-01,1.084805e-05,4.949110e+02,1.333954e+00
645,0.546764,4.962776e+02,1.454745e-02,3.004503e-01,8.715025e-01,1.084741e-05,4.937587e+02,1.332376e+00
646,0.547865,4.951293e+02,1.720591e-02,3.000503e-01,8.694878e-01,1.084823e-05,4.926118e+02,1.330799e+00
647,0.546252,4.939820e+02,1.460406e-02,2.996736e-01,8.675747e-01,1.085224e-05,4.914708e+02,1.329359e+00
648,0.546182,4.928390e+02,1.268425e-02,2.993462e-01,8.658158e-01,1.085668e-05,4.903330e+02,1.328092e+00
649,0.544631,4.916993e+02,1.254548e-02,2.990183e-01,8.640263e-01,1.085803e-05,4.891970e+02,1.326767e+00
650,0.550499,4.905658e+02,1.559882e-02,2.986859e-01,8.622089e-01,1.085767e-05,4.880639e+02,1.325400e+00
651,0.550475,4.894349e+02,1.440810e-02,2.983332e-01,8.603626e-01,1.086027e-05,4.869378e+02,1.324028e+00
652,0.547501,4.883088e+02,1.239443e-02,2.979669e-01,8.584919e-01,1.086432e-05,4.858173e+02,1.322642e+00
653,0.544999,4.871869e+02,1.231359e-02,2.976007e-01,8.566022e-01,1.086621e-05,4.846992e+02,1.321216e+00
654,0.547952,4.860677e+02,1.275995e-02,2.972363e-01,8.546962e-01,1.086578e-05,4.835833e+02,1.319749e+00
655,0.544374,4.849544e+02,1.501418e-02,2.968672e-01,8.527746e-01,1.086525e-05,4.824715e+02,1.318258e+00
656,0.546978,4.838431e+02,1.273517e-02,2.964835e-01,8.508372e-01,1.086768e-05,4.813663e+02,1.316769e+00
657,0.544663,4.827374e+02,1.198078e-02,2.960967e-01,8.488886e-01,1.087011e-05,4.802651e+02,1.315259e+00
658,0.547063,4.816347e+02,1.195319e-02,2.957139e-01,8.469322e-01,1.087074e-05,4.791663e+02,1.313717e+00
659,0.547027,4.805367e+02,1.381922e-02,2.953338e-01,8.449696e-01,1.087011e-05,4.780704e+02,1.312149e+00
660,0.547470,4.794439e+02,1.268017e-02,2.951493e-01,8.436993e-01,1.088007e-05,4.769810e+02,1.311426e+00
661,0.548953,4.783548e+02,1.335316e-02,2.949512e-01,8.423519e-01,1.088614e-05,4.758935e+02,1.310581e+00
662,0.544611,4.772664e+02,1.366085e-02,2.947401e-01,8.409325e-01,1.088832e-05,4.748075e+02,1.309625e+00
663,0.546935,4.761874e+02,2.000744e-02,2.945086e-01,8.394455e-01,1.088910e-05,4.737249e+02,1.308584e+00
664,0.547471,4.751054e+02,1.476466e-02,2.942351e-01,8.378905e-01,1.089501e-05,4.726510e+02,1.307516e+00
665,0.548159,4.740316e+02,1.467785e-02,2.939444e-01,8.362792e-01,1.089965e-05,4.715803e+02,1.306377e+00
666,0.546183,4.729590e+02,1.476186e-02,2.936462e-01,8.346185e-01,1.090086e-05,4.705108e+02,1.305154e+00
667,0.546962,4.718897e+02,1.621456e-02,2.933401e-01,8.329136e-01,1.089948e-05,4.694434e+02,1.303857e+00
668,0.546085,4.708264e+02,1.840633e-02,2.930158e-01,8.311678e-01,1.089931e-05,4.683813e+02,1.302521e+00
669,0.545822,4.697641e+02,1.492860e-02,2.926671e-01,8.293844e-01,1.090278e-05,4.673260e+02,1.301169e+00
670,0.547579,4.687080e+02,1.477736e-02,2.923134e-01,8.275730e-01,1.090508e-05,4.662736e+02,1.299767e+00
671,0.546121,4.676536e+02,1.457695e-02,2.919604e-01,8.257389e-01,1.090508e-05,4.652230e+02,1.298312e+00
672,0.552746,4.666037e+02,1.612982e-02,2.916060e-01,8.238863e-01,1.090386e-05,4.641752e+02,1.296818e+00
673,0.546792,4.655574e+02,1.631877e-02,2.912398e-01,8.220167e-01,1.090482e-05,4.631325e+02,1.295318e+00
674,0.543981,4.645140e+02,1.422309e-02,2.908619e-01,8.201332e-01,1.090815e-05,4.620950e+02,1.293818e+00
675,0.543289,4.634753e+02,1.400996e-02,2.904852e-01,8.182412e-01,1.091036e-05,4.610603e+02,1.292296e+00
676,0.548836,4.624390e+02,1.401861e-02,2.901126e-01,8.163433e-01,1.091063e-05,4.600277e+02,1.290751e+00
677,0.544852,4.614073e+02,1.553385e-02,2.897403e-01,8.144403e-01,1.091018e-05,4.589983e+02,1.289196e+00
678,0.544875,4.603785e+02,1.492466e-02,2.893590e-01,8.125316e-01,1.091174e-05,4.579740e+02,1.287653e+00
679,0.544545,4.593535e+02,1.364719e-02,2.889718e-01,8.106187e-01,1.091446e-05,4.569541e+02,1.286117e+00
680,0.547631,4.583322e+02,1.348934e-02,2.885873e-01,8.087040e-01,1.091592e-05,4.559368e+02,1.284570e+00
681,0.545231,4.573138e+02,1.382254e-02,2.882065e-01,8.067883e-01,1.091587e-05,4.549219e+02,1.283009e+00
682,0.545921,4.562996e+02,1.496251e-02,2.878250e-01,8.048715e-01,1.091576e-05,4.539105e+02,1.281446e+00
683,0.547244,4.552882e+02,1.406430e-02,2.874368e-01,8.029534e-01,1.091751e-05,4.529038e+02,1.279894e+00
684,0.543897,4.542807e+02,1.335018e-02,2.870470e-01,8.010361e-01,1.091975e-05,4.519009e+02,1.278343e+00
685,0.543701,4.532765e+02,1.332306e-02,2.866614e-01,7.991217e-01,1.092096e-05,4.509006e+02,1.276781e+00
686,0.544584,4.522755e+02,1.385862e-02,2.862800e-01,7.972118e-01,1.092126e-05,4.499029e+02,1.275209e+00
687,0.544260,4.512783e+02,1.447979e-02,2.858986e-01,7.953070e-01,1.092206e-05,4.489090e+02,1.273641e+00
688,0.544872,4.502840e+02,1.372003e-02,2.855145e-01,7.934084e-01,1.092429e-05,4.479193e+02,1.272084e+00
689,0.545687,4.492934e+02,1.332397e-02,2.851326e-01,7.915180e-01,1.092660e-05,4.469329e+02,1.270531e+00
690,0.543400,4.483060e+02,1.339686e-02,2.847563e-01,7.896374e-01,1.092797e-05,4.459492e+02,1.268974e+00
691,0.542928,4.473219e+02,1.393013e-02,2.843848e-01,7.877671e-01,1.092872e-05,4.449684e+02,1.267419e+00
692,0.545223,4.463413e+02,1.418597e-02,2.840141e-01,7.859070e-01,1.093002e-05,4.439913e+02,1.265875e+00
693,0.543587,4.453637e+02,1.361531e-02,2.836431e-01,7.840570e-01,1.093222e-05,4.430180e+02,1.264345e+00
694,0.545627,4.443895e+02,1.336097e-02,2.832751e-01,7.822173e-01,1.093423e-05,4.420478e+02,1.262822e+00
695,0.545985,4.434185e+02,1.346773e-02,2.829121e-01,7.803876e-01,1.093543e-05,4.410804e+02,1.261299e+00
696,0.544880,4.424507e+02,1.389083e-02,2.825525e-01,7.785670e-01,1.093623e-05,4.401159e+02,1.259780e+00
697,0.544874,4.414862e+02,1.396204e-02,2.821930e-01,7.767544e-01,1.093758e-05,4.391550e+02,1.258270e+00
698,0.544395,4.405248e+02,1.354454e-02,2.818331e-01,7.749490e-01,1.093958e-05,4.381977e+02,1.256770e+00
699,0.544969,4.395667e+02,1.337006e-02,2.814754e-01,7.731503e-01,1.094142e-05,4.372434e+02,1.255273e+00
700,0.544107,4.386117e+02,1.348860e-02,2.811210e-01,7.713581e-01,1.094269e-05,4.362919e+02,1.253775e+00
701,0.543520,4.376598e+02,1.381127e-02,2.807685e-01,7.695717e-01,1.094379e-05,4.353434e+02,1.252278e+00
702,0.545974,4.367111e+02,1.381897e-02,2.804156e-01,7.677908e-01,1.094542e-05,4.343983e+02,1.250788e+00
703,0.543184,4.357655e+02,1.351534e-02,2.800623e-01,7.660153e-01,1.094755e-05,4.334566e+02,1.249306e+00
704,0.542501,4.348230e+02,1.339400e-02,2.797108e-01,7.642454e-01,1.094952e-05,4.325178e+02,1.247825e+00
705,0.546804,4.338836e+02,1.351324e-02,2.793618e-01,7.624813e-01,1.095105e-05,4.315819e+02,1.246346e+00
706,0.546958,4.329473e+02,1.375808e-02,2.790143e-01,7.607231e-01,1.095247e-05,4.306489e+02,1.244870e+00
707,0.545538,4.320140e+02,1.373976e-02,2.786667e-01,7.589705e-01,1.095427e-05,4.297192e+02,1.243401e+00
708,0.546704,4.310838e+02,1.351043e-02,2.783191e-01,7.572237e-01,1.095639e-05,4.287928e+02,1.241940e+00
709,0.553783,4.301566e+02,1.342092e-02,2.779730e-01,7.554827e-01,1.095833e-05,4.278692e+02,1.240483e+00
710,0.543082,4.292324e+02,1.352522e-02,2.776291e-01,7.537473e-01,1.095989e-05,4.269485e+02,1.239026e+00
711,0.544460,4.283113e+02,1.370216e-02,2.772863e-01,7.520172e-01,1.096136e-05,4.260307e+02,1.237573e+00
712,0.543288,4.273931e+02,1.367080e-02,2.769433e-01,7.502920e-01,1.096314e-05,4.251160e+02,1.236126e+00
713,0.545541,4.264779e+02,1.349369e-02,2.766002e-01,7.485713e-01,1.096513e-05,4.242045e+02,1.234683e+00
714,0.544335,4.255656e+02,1.342342e-02,2.762582e-01,7.468548e-01,1.096698e-05,4.232959e+02,1.233240e+00
715,0.544047,4.246563e+02,1.350522e-02,2.759176e-01,7.451425e-01,1.096856e-05,4.223900e+02,1.231797e+00
716,0.544768,4.237500e+02,1.363009e-02,2.755774e-01,7.434338e-01,1.097010e-05,4.214870e+02,1.230355e+00
717,0.543040,4.228465e+02,1.359850e-02,2.752369e-01,7.417285e-01,1.097189e-05,4.205871e+02,1.228916e+00
718,0.544287,4.219460e+02,1.346208e-02,2.748962e-01,7.400266e-01,1.097385e-05,4.196901e+02,1.227479e+00
719,0.543438,4.210484e+02,1.340469e-02,2.745561e-01,7.383281e-01,1.097570e-05,4.187960e+02,1.226042e+00
720,0.543433,4.201536e+02,1.346542e-02,2.742171e-01,7.366331e-01,1.097733e-05,4.179047e+02,1.224606e+00
721,0.542728,4.192617e+02,1.355549e-02,2.738785e-01,7.349414e-01,1.097893e-05,4.170162e+02,1.223170e+00
722,0.544080,4.183727e+02,1.353173e-02,2.735397e-01,7.332533e-01,1.098070e-05,4.161306e+02,1.221737e+00
723,0.543266,4.174865e+02,1.342830e-02,2.732009e-01,7.315686e-01,1.098259e-05,4.152479e+02,1.220307e+00
724,0.549001,4.166031e+02,1.338040e-02,2.728628e-01,7.298876e-01,1.098439e-05,4.143681e+02,1.218879e+00
725,0.546895,4.157225e+02,1.342371e-02,2.725258e-01,7.282103e-01,1.098602e-05,4.134909e+02,1.217451e+00
726,0.543262,4.148448e+02,1.349087e-02,2.721894e-01,7.265367e-01,1.098760e-05,4.126165e+02,1.216024e+00
727,0.546420,4.139698e+02,1.347689e-02,2.718530e-01,7.248667e-01,1.098932e-05,4.117450e+02,1.214601e+00
728,0.543925,4.130976e+02,1.339894e-02,2.715169e-01,7.232003e-01,1.099116e-05,4.108763e+02,1.213179e+00
729,0.545252,4.122281e+02,1.335678e-02,2.711815e-01,7.215375e-01,1.099295e-05,4.100103e+02,1.211758e+00
730,0.545486,4.113615e+02,1.338485e-02,2.708470e-01,7.198782e-01,1.099465e-05,4.091470e+02,1.210338e+00
731,0.544296,4.104975e+02,1.343524e-02,2.705132e-01,7.182224e-01,1.099635e-05,4.082864e+02,1.208919e+00
732,0.544187,4.096363e+02,1.342933e-02,2.701795e-01,7.165700e-01,1.099821e-05,4.074286e+02,1.207501e+00
733,0.543240,4.087778e+02,1.337098e-02,2.698460e-01,7.149210e-01,1.100024e-05,4.065735e+02,1.206086e+00
734,0.544345,4.079220e+02,1.333345e-02,2.695132e-01,7.132754e-01,1.100235e-05,4.057211e+02,1.204672e+00
735,0.545800,4.070688e+02,1.335034e-02,2.691811e-01,7.116333e-01,1.100447e-05,4.048714e+02,1.203258e+00
736,0.545951,4.062184e+02,1.338990e-02,2.688497e-01,7.099947e-01,1.100670e-05,4.040243e+02,1.201846e+00
737,0.548984,4.053706e+02,1.339267e-02,2.685185e-01,7.083595e-01,1.100856e-05,4.031799e+02,1.200436e+00
738,0.544003,4.045255e+02,1.335283e-02,2.681877e-01,7.067278e-01,1.101025e-05,4.023382e+02,1.199029e+00
739,0.544297,4.036830e+02,1.332254e-02,2.678574e-01,7.050997e-01,1.101193e-05,4.014991e+02,1.197624e+00
740,0.546534,4.028431e+02,1.333364e-02,2.675279e-01,7.034750e-01,1.101353e-05,4.006625e+02,1.196219e+00
741,0.543857,4.020059e+02,1.336722e-02,2.671991e-01,7.018539e-01,1.101508e-05,3.998286e+02,1.194817e+00
742,0.544455,4.011712e+02,1.337819e-02,2.668706e-01,7.002362e-01,1.101668e-05,3.989973e+02,1.193416e+00
743,0.546270,4.003392e+02,1.335425e-02,2.665426e-01,6.986220e-01,1.101833e-05,3.981686e+02,1.192018e+00
744,0.546736,3.995097e+02,1.333074e-02,2.662150e-01,6.970111e-01,1.101998e-05,3.973425e+02,1.190621e+00
745,0.542814,3.986828e+02,1.333701e-02,2.658881e-01,6.954035e-01,1.102158e-05,3.965190e+02,1.189225e+00
746,0.543587,3.978585e+02,1.336427e-02,2.655619e-01,6.937991e-01,1.102314e-05,3.956979e+02,1.187830e+00
747,0.545708,3.970367e+02,1.337906e-02,2.652360e-01,6.921979e-01,1.102472e-05,3.948794e+02,1.186437e+00
748,0.544082,3.962175e+02,1.336599e-02,2.649104e-01,6.905997e-01,1.102634e-05,3.940635e+02,1.185045e+00
749,0.549085,3.954007e+02,1.334748e-02,2.645852e-01,6.890046e-01,1.102797e-05,3.932501e+02,1.183654e+00
750,0.544868,3.945865e+02,1.334959e-02,2.642606e-01,6.874125e-01,1.102956e-05,3.924392e+02,1.182264e+00
751,0.544818,3.937748e+02,1.337124e-02,2.639364e-01,6.858233e-01,1.103112e-05,3.916308e+02,1.180876e+00
752,0.544257,3.929656e+02,1.338879e-02,2.636125e-01,6.842371e-01,1.103268e-05,3.908249e+02,1.179488e+00
753,0.544944,3.921589e+02,1.338612e-02,2.632889e-01,6.826537e-01,1.103427e-05,3.900214e+02,1.178102e+00
754,0.543019,3.913546e+02,1.337551e-02,2.629657e-01,6.810732e-01,1.103587e-05,3.892205e+02,1.176717e+00
755,0.543817,3.905528e+02,1.337859e-02,2.626428e-01,6.794954e-01,1.103745e-05,3.884219e+02,1.175333e+00
756,0.548992,3.897534e+02,1.339951e-02,2.623203e-01,6.779205e-01,1.103900e-05,3.876258e+02,1.173951e+00
757,0.556430,3.889565e+02,1.342256e-02,2.619982e-01,6.763483e-01,1.104054e-05,3.868322e+02,1.172569e+00
758,0.562058,3.881620e+02,1.343238e-02,2.616763e-01,6.747788e-01,1.104210e-05,3.860409e+02,1.171188e+00
759,0.548495,3.873700e+02,1.343345e-02,2.613547e-01,6.732119e-01,1.104368e-05,3.852521e+02,1.169809e+00
760,0.545375,3.865803e+02,1.344241e-02,2.610334e-01,6.716476e-01,1.104525e-05,3.844657e+02,1.168430e+00
761,0.547069,3.857930e+02,1.346650e-02,2.607125e-01,6.700858e-01,1.104678e-05,3.836817e+02,1.167052e+00
762,0.545311,3.850081e+02,1.349658e-02,2.603918e-01,6.685265e-01,1.104830e-05,3.829000e+02,1.165674e+00
763,0.545305,3.842256e+02,1.351925e-02,2.600714e-01,6.669696e-01,1.104984e-05,3.821208e+02,1.164297e+00
764,0.546701,3.834455e+02,1.353377e-02,2.597512e-01,6.654152e-01,1.105138e-05,3.813439e+02,1.162921e+00
765,0.546650,3.826677e+02,1.355193e-02,2.594312e-01,6.638631e-01,1.105292e-05,3.805693e+02,1.161546e+00
766,0.546294,3.818923e+02,1.358240e-02,2.591116e-01,6.623133e-01,1.105444e-05,3.797971e+02,1.160170e+00
767,0.546016,3.811192e+02,1.362136e-02,2.587922e-01,6.607657e-01,1.105594e-05,3.790272e+02,1.158796e+00
768,0.545082,3.803484e+02,1.365826e-02,2.584729e-01,6.592204e-01,1.105744e-05,3.782596e+02,1.157421e+00
769,0.545869,3.795799e+02,1.368931e-02,2.581539e-01,6.576774e-01,1.105895e-05,3.774943e+02,1.156048e+00
770,0.545354,3.788138e+02,1.372175e-02,2.578350e-01,6.561364e-01,1.106046e-05,3.767314e+02,1.154675e+00
771,0.544911,3.780499e+02,1.376416e-02,2.575164e-01,6.545976e-01,1.106195e-05,3.759707e+02,1.153302e+00
772,0.551450,3.772883e+02,1.381661e-02,2.571979e-01,6.530608e-01,1.106343e-05,3.752123e+02,1.151930e+00
773,0.554062,3.765290e+02,1.387173e-02,2.568796e-01,6.515260e-01,1.106491e-05,3.744562e+02,1.150558e+00
774,0.552846,3.757720e+02,1.392428e-02,2.565615e-01,6.499932e-01,1.106639e-05,3.737023e+02,1.149186e+00
775,0.548729,3.750177e+02,1.449889e-02,2.562434e-01,6.484622e-01,1.106787e-05,3.729507e+02,1.147814e+00
776,0.546425,3.742652e+02,1.443875e-02,2.559397e-01,6.469766e-01,1.106975e-05,3.722014e+02,1.146493e+00
777,0.556045,3.735149e+02,1.416617e-02,2.556477e-01,6.455272e-01,1.107181e-05,3.714543e+02,1.145211e+00
778,0.545945,3.727666e+02,1.357243e-02,2.553739e-01,6.441336e-01,1.107415e-05,3.707095e+02,1.143991e+00
779,0.558651,3.720209e+02,1.356400e-02,2.550948e-01,6.427249e-01,1.107610e-05,3.699667e+02,1.142751e+00
780,0.566725,3.712774e+02,1.359444e-02,2.548097e-01,6.413012e-01,1.107790e-05,3.692262e+02,1.141494e+00
781,0.551837,3.705361e+02,1.351796e-02,2.545181e-01,6.398633e-01,1.107977e-05,3.684879e+02,1.140224e+00
782,0.557228,3.697969e+02,1.341439e-02,2.542209e-01,6.384122e-01,1.108159e-05,3.677519e+02,1.138938e+00
783,0.546045,3.690599e+02,1.341688e-02,2.539193e-01,6.369493e-01,1.108315e-05,3.670179e+02,1.137637e+00
784,0.547942,3.683250e+02,1.354523e-02,2.536141e-01,6.354759e-01,1.108443e-05,3.662860e+02,1.136320e+00
785,0.559787,3.675925e+02,1.393163e-02,2.533055e-01,6.339935e-01,1.108560e-05,3.655562e+02,1.134990e+00
786,0.562107,3.668620e+02,1.333822e-02,2.530527e-01,6.326834e-01,1.108860e-05,3.648291e+02,1.133858e+00
787,0.562910,3.661339e+02,1.322711e-02,2.527917e-01,6.313470e-01,1.109099e-05,3.641039e+02,1.132691e+00
788,0.558274,3.654079e+02,1.335142e-02,2.525229e-01,6.299861e-01,1.109277e-05,3.633805e+02,1.131491e+00
789,0.554853,3.646840e+02,1.353623e-02,2.522456e-01,6.286026e-01,1.109437e-05,3.626593e+02,1.130265e+00
790,0.566249,3.639620e+02,1.347461e-02,2.519592e-01,6.271983e-01,1.109618e-05,3.619404e+02,1.129018e+00
791,0.548162,3.632421e+02,1.331312e-02,2.516651e-01,6.257755e-01,1.109803e-05,3.612236e+02,1.127751e+00
792,0.546476,3.625243e+02,1.330889e-02,2.513654e-01,6.243365e-01,1.109953e-05,3.605088e+02,1.126463e+00
793,0.556439,3.618086e+02,1.349563e-02,2.510615e-01,6.228834e-01,1.110055e-05,3.597960e+02,1.125154e+00
794,0.556683,3.610950e+02,1.392472e-02,2.507534e-01,6.214182e-01,1.110138e-05,3.590851e+02,1.123828e+00
795,0.549829,3.603842e+02,1.310092e-02,2.505574e-01,6.202951e-01,1.110577e-05,3.583774e+02,1.122900e+00
796,0.544841,3.596756e+02,1.294084e-02,2.503470e-01,6.191251e-01,1.110904e-05,3.576713e+02,1.121913e+00
797,0.546221,3.589689e+02,1.316133e-02,2.501226e-01,6.179113e-01,1.111114e-05,3.569668e+02,1.120870e+00
798,0.549133,3.582641e+02,1.357922e-02,2.498830e-01,6.166566e-01,1.111285e-05,3.562642e+02,1.119782e+00
799,0.544118,3.575611e+02,1.341445e-02,2.496268e-01,6.153644e-01,1.111498e-05,3.555640e+02,1.118658e+00
800,0.552725,3.568599e+02,1.302166e-02,2.493564e-01,6.140384e-01,1.111723e-05,3.548659e+02,1.117499e+00
801,0.549119,3.561606e+02,1.290029e-02,2.490760e-01,6.126827e-01,1.111883e-05,3.541697e+02,1.116301e+00
802,0.545517,3.554632e+02,1.301256e-02,2.487879e-01,6.113010e-01,1.111958e-05,3.534751e+02,1.115066e+00
803,0.548271,3.547679e+02,1.333166e-02,2.484924e-01,6.098969e-01,1.111998e-05,3.527824e+02,1.113799e+00
804,0.544731,3.540746e+02,1.346739e-02,2.481891e-01,6.084734e-01,1.112077e-05,3.520919e+02,1.112509e+00
805,0.546443,3.533832e+02,1.331053e-02,2.478788e-01,6.070335e-01,1.112210e-05,3.514037e+02,1.111200e+00
806,0.546368,3.526938e+02,1.330209e-02,2.475645e-01,6.055803e-01,1.112340e-05,3.507175e+02,1.109870e+00
807,0.544907,3.520063e+02,1.355284e-02,2.472483e-01,6.041163e-01,1.112425e-05,3.500329e+02,1.108519e+00
808,0.543728,3.513215e+02,1.471818e-02,2.469306e-01,6.026433e-01,1.112475e-05,3.493501e+02,1.107151e+00
809,0.547117,3.506383e+02,1.540127e-02,2.466194e-01,6.011898e-01,1.112561e-05,3.486693e+02,1.105805e+00
810,0.545202,3.499570e+02,1.570692e-02,2.463090e-01,5.997409e-01,1.112692e-05,3.479907e+02,1.104466e+00
811,0.546193,3.492776e+02,1.591548e-02,2.459982e-01,5.982916e-01,1.112711e-05,3.473142e+02,1.103128e+00
812,0.546899,3.486001e+02,1.626999e-02,2.456869e-01,5.968390e-01,1.112514e-05,3.466395e+02,1.101785e+00
813,0.543945,3.479245e+02,1.682223e-02,2.453744e-01,5.953808e-01,1.112326e-05,3.459664e+02,1.100434e+00
814,0.545679,3.472507e+02,1.747830e-02,2.450592e-01,5.939146e-01,1.112189e-05,3.452952e+02,1.099075e+00
815,0.546128,3.465788e+02,1.802007e-02,2.447395e-01,5.924376e-01,1.112129e-05,3.446259e+02,1.097707e+00
816,0.547317,3.459088e+02,1.848804e-02,2.444146e-01,5.909470e-01,1.112127e-05,3.439586e+02,1.096326e+00
817,0.542699,3.452405e+02,1.914241e-02,2.440847e-01,5.894399e-01,1.112136e-05,3.432929e+02,1.094925e+00
818,0.546290,3.445739e+02,2.012936e-02,2.437489e-01,5.879114e-01,1.112127e-05,3.426286e+02,1.093497e+00
819,0.544035,3.439088e+02,2.144645e-02,2.434043e-01,5.863521e-01,1.112103e-05,3.419655e+02,1.092031e+00
820,0.544579,3.432447e+02,2.288922e-02,2.430450e-01,5.847442e-01,1.112070e-05,3.413035e+02,1.090512e+00
821,0.544176,3.425800e+02,2.398764e-02,2.426608e-01,5.830525e-01,1.111993e-05,3.406414e+02,1.088902e+00
822,0.546404,3.419075e+02,2.211303e-02,2.422291e-01,5.811952e-01,1.111750e-05,3.399748e+02,1.087112e+00
823,0.548296,3.413028e+02,1.037074e-01,2.416935e-01,5.789764e-01,1.111114e-05,3.392935e+02,1.084935e+00
824,0.561494,3.406482e+02,1.868571e-02,2.418455e-01,5.795071e-01,1.117813e-05,3.387222e+02,1.085944e+00
825,0.546462,3.400607e+02,1.031961e-02,2.419325e-01,5.797774e-01,1.124162e-05,3.381421e+02,1.086623e+00
826,0.547171,3.394857e+02,1.047934e-02,2.419620e-01,5.798073e-01,1.129109e-05,3.375665e+02,1.086958e+00
827,0.543700,3.388817e+02,1.155763e-02,2.419364e-01,5.796065e-01,1.132006e-05,3.369617e+02,1.086943e+00
828,0.544281,3.382367e+02,1.243850e-02,2.418593e-01,5.791912e-01,1.133492e-05,3.363166e+02,1.086596e+00
829,0.544016,3.375620e+02,1.287618e-02,2.417369e-01,5.785871e-01,1.133775e-05,3.356429e+02,1.085957e+00
830,0.544604,3.368802e+02,1.293964e-02,2.415774e-01,5.778265e-01,1.133173e-05,3.349628e+02,1.085081e+00
831,0.542747,3.362107e+02,1.273616e-02,2.413892e-01,5.769440e-01,1.132052e-05,3.342956e+02,1.084033e+00
832,0.546379,3.355615e+02,1.237187e-02,2.411808e-01,5.759734e-01,1.130250e-05,3.336491e+02,1.082878e+00
833,0.544254,3.349286e+02,1.196442e-02,2.409594e-01,5.749450e-01,1.128607e-05,3.330190e+02,1.081678e+00
834,0.544243,3.343018e+02,1.160746e-02,2.407310e-01,5.738833e-01,1.127623e-05,3.323951e+02,1.080481e+00
835,0.546098,3.336722e+02,1.135062e-02,2.404991e-01,5.728055e-01,1.127232e-05,3.317682e+02,1.079321e+00
836,0.545660,3.330359e+02,1.120806e-02,2.402656e-01,5.717205e-01,1.127363e-05,3.311345e+02,1.078219e+00
837,0.544456,3.323946e+02,1.117239e-02,2.400303e-01,5.706295e-01,1.127908e-05,3.304956e+02,1.077174e+00
838,0.543788,3.317525e+02,1.122209e-02,2.397914e-01,5.695276e-01,1.128720e-05,3.298558e+02,1.076177e+00
839,0.543387,3.311134e+02,1.132403e-02,2.395465e-01,5.684056e-01,1.129634e-05,3.292189e+02,1.075202e+00
840,0.546354,3.304790e+02,1.143667e-02,2.392928e-01,5.672525e-01,1.130488e-05,3.285868e+02,1.074223e+00
841,0.624934,3.298491e+02,1.151698e-02,2.390278e-01,5.660574e-01,1.131154e-05,3.279593e+02,1.073209e+00
842,0.543773,3.292227e+02,1.152936e-02,2.387496e-01,5.648120e-01,1.131551e-05,3.273354e+02,1.072135e+00
843,0.544684,3.285986e+02,1.145262e-02,2.384577e-01,5.635114e-01,1.131651e-05,3.267142e+02,1.070981e+00
844,0.547101,3.279764e+02,1.128262e-02,2.381522e-01,5.621551e-01,1.131474e-05,3.260951e+02,1.069738e+00
845,0.559578,3.273558e+02,1.103115e-02,2.378347e-01,5.607471e-01,1.131079e-05,3.254777e+02,1.068405e+00
846,0.563003,3.267366e+02,1.072211e-02,2.375073e-01,5.592951e-01,1.130550e-05,3.248620e+02,1.066993e+00
847,0.556354,3.261186e+02,1.038502e-02,2.371728e-01,5.578095e-01,1.129973e-05,3.242478e+02,1.065517e+00
848,0.553357,3.255020e+02,1.004797e-02,2.368339e-01,5.563022e-01,1.129427e-05,3.236348e+02,1.063999e+00
849,0.559232,3.248869e+02,9.732251e-03,2.364935e-01,5.547847e-01,1.128970e-05,3.230234e+02,1.062460e+00
850,0.555595,3.242737e+02,9.450457e-03,2.361537e-01,5.532676e-01,1.128630e-05,3.224139e+02,1.060923e+00
851,0.552249,3.236627e+02,9.207350e-03,2.358162e-01,5.517589e-01,1.128413e-05,3.218065e+02,1.059402e+00
852,0.554417,3.230540e+02,9.002061e-03,2.354819e-01,5.502636e-01,1.128298e-05,3.212013e+02,1.057907e+00
853,0.557997,3.224474e+02,8.830395e-03,2.351510e-01,5.487838e-01,1.128252e-05,3.205982e+02,1.056443e+00
854,0.558022,3.218426e+02,8.686683e-03,2.348233e-01,5.473184e-01,1.128233e-05,3.199967e+02,1.055007e+00
855,0.551906,3.212391e+02,8.565101e-03,2.344978e-01,5.458642e-01,1.128204e-05,3.193966e+02,1.053589e+00
856,0.556899,3.206370e+02,8.460593e-03,2.341736e-01,5.444165e-01,1.128134e-05,3.187978e+02,1.052180e+00
857,0.560197,3.200365e+02,8.369494e-03,2.338496e-01,5.429697e-01,1.128007e-05,3.182005e+02,1.050766e+00
858,0.555157,3.194383e+02,8.871458e-03,2.335245e-01,5.415186e-01,1.127820e-05,3.176050e+02,1.049336e+00
859,0.552426,3.188419e+02,9.203589e-03,2.332086e-01,5.400906e-01,1.127614e-05,3.170115e+02,1.047921e+00
860,0.551781,3.182474e+02,9.348611e-03,2.328932e-01,5.386595e-01,1.127381e-05,3.164200e+02,1.046488e+00
861,0.561333,3.176549e+02,9.433700e-03,2.325761e-01,5.372183e-01,1.127132e-05,3.158306e+02,1.045030e+00
862,0.558711,3.170641e+02,9.490729e-03,2.322563e-01,5.357647e-01,1.126885e-05,3.152430e+02,1.043547e+00
863,0.563950,3.164750e+02,9.536867e-03,2.319337e-01,5.342989e-01,1.126652e-05,3.146571e+02,1.042046e+00
864,0.553963,3.158875e+02,9.585446e-03,2.316085e-01,5.328232e-01,1.126442e-05,3.140729e+02,1.040535e+00
865,0.553209,3.153015e+02,9.648941e-03,2.312813e-01,5.313408e-01,1.126259e-05,3.134902e+02,1.039023e+00
866,0.553904,3.147169e+02,9.740130e-03,2.309528e-01,5.298553e-01,1.126101e-05,3.129088e+02,1.037520e+00
867,0.557787,3.141338e+02,9.872659e-03,2.306237e-01,5.283700e-01,1.125962e-05,3.123289e+02,1.036032e+00
868,0.557094,3.135531e+02,1.112350e-02,2.302945e-01,5.268875e-01,1.125835e-05,3.117503e+02,1.034564e+00
869,0.555738,3.129741e+02,1.218676e-02,2.299943e-01,5.255192e-01,1.125883e-05,3.111731e+02,1.033280e+00
870,0.553368,3.123963e+02,1.286697e-02,2.297026e-01,5.241857e-01,1.125963e-05,3.105975e+02,1.032058e+00
871,0.554591,3.118202e+02,1.351896e-02,2.294149e-01,5.228695e-01,1.126034e-05,3.100235e+02,1.030866e+00
872,0.561190,3.112455e+02,1.419208e-02,2.291281e-01,5.215584e-01,1.126073e-05,3.094509e+02,1.029682e+00
873,0.559332,3.106718e+02,1.481460e-02,2.288389e-01,5.202403e-01,1.126077e-05,3.088795e+02,1.028483e+00
874,0.562021,3.100984e+02,1.503860e-02,2.285422e-01,5.188988e-01,1.126072e-05,3.083086e+02,1.027249e+00
875,0.555522,3.095229e+02,1.365179e-02,2.282290e-01,5.175058e-01,1.126003e-05,3.077375e+02,1.025946e+00
876,0.552497,3.089483e+02,1.546822e-02,2.278833e-01,5.160128e-01,1.125670e-05,3.071644e+02,1.024527e+00
877,0.544673,3.084037e+02,4.202956e-02,2.275881e-01,5.146669e-01,1.125524e-05,3.065961e+02,1.023232e+00
878,0.543928,3.078315e+02,1.563841e-02,2.276055e-01,5.142451e-01,1.126447e-05,3.060512e+02,1.022812e+00
879,0.546880,3.072780e+02,1.438997e-02,2.275727e-01,5.136752e-01,1.127028e-05,3.055001e+02,1.022240e+00
880,0.544369,3.067239e+02,1.389092e-02,2.275043e-01,5.130058e-01,1.127601e-05,3.049479e+02,1.021565e+00
881,0.545141,3.061695e+02,1.403482e-02,2.274032e-01,5.122483e-01,1.127988e-05,3.043950e+02,1.020803e+00
882,0.546538,3.056137e+02,1.423286e-02,2.272725e-01,5.114143e-01,1.128198e-05,3.038408e+02,1.019969e+00
883,0.543823,3.050571e+02,1.427470e-02,2.271192e-01,5.105249e-01,1.128281e-05,3.032860e+02,1.019089e+00
884,0.545353,3.045013e+02,1.508257e-02,2.269394e-01,5.095694e-01,1.128261e-05,3.027316e+02,1.018146e+00
885,0.543254,3.039465e+02,1.570560e-02,2.267364e-01,5.085561e-01,1.128189e-05,3.021784e+02,1.017148e+00
886,0.543886,3.033933e+02,1.604075e-02,2.265134e-01,5.074926e-01,1.128111e-05,3.016271e+02,1.016098e+00
887,0.544461,3.028415e+02,1.606109e-02,2.262738e-01,5.063861e-01,1.128061e-05,3.010778e+02,1.015002e+00
888,0.542591,3.022910e+02,1.580651e-02,2.260205e-01,5.052424e-01,1.128060e-05,3.005301e+02,1.013863e+00
889,0.545634,3.017415e+02,1.535739e-02,2.257561e-01,5.040663e-01,1.128112e-05,2.999836e+02,1.012682e+00
890,0.557511,3.011937e+02,1.561419e-02,2.254826e-01,5.028616e-01,1.128208e-05,2.994383e+02,1.011463e+00
891,0.555252,3.006465e+02,1.533008e-02,2.252070e-01,5.016470e-01,1.128344e-05,2.988940e+02,1.010228e+00
892,0.550373,3.001005e+02,1.496923e-02,2.249267e-01,5.004146e-01,1.128486e-05,2.983512e+02,1.008968e+00
893,0.549633,2.995562e+02,1.461112e-02,2.246407e-01,4.991616e-01,1.128603e-05,2.978101e+02,1.007681e+00
894,0.546973,2.990137e+02,1.428965e-02,2.243484e-01,4.978870e-01,1.128674e-05,2.972708e+02,1.006369e+00
895,0.556092,2.984729e+02,1.402343e-02,2.240494e-01,4.965907e-01,1.128688e-05,2.967332e+02,1.005035e+00
896,0.558337,2.979337e+02,1.382649e-02,2.237437e-01,4.952734e-01,1.128644e-05,2.961971e+02,1.003681e+00
897,0.562282,2.973959e+02,1.371369e-02,2.234314e-01,4.939367e-01,1.128553e-05,2.956625e+02,1.002311e+00
898,0.553607,2.968594e+02,1.370275e-02,2.231130e-01,4.925826e-01,1.128439e-05,2.951291e+02,1.000928e+00
899,0.556151,2.963241e+02,1.381271e-02,2.227890e-01,4.912131e-01,1.128335e-05,2.945968e+02,9.995369e-01
900,0.546394,2.957899e+02,1.405785e-02,2.224603e-01,4.898301e-01,1.128288e-05,2.940654e+02,9.981377e-01
901,0.543417,2.952567e+02,1.443250e-02,2.221271e-01,4.884344e-01,1.128238e-05,2.935350e+02,9.967308e-01
902,0.547262,2.947244e+02,1.487108e-02,2.217890e-01,4.870242e-01,1.128112e-05,2.930054e+02,9.953130e-01
903,0.544046,2.941924e+02,1.511757e-02,2.214439e-01,4.855925e-01,1.127990e-05,2.924764e+02,9.938753e-01
904,0.544137,2.936592e+02,1.425397e-02,2.210855e-01,4.841204e-01,1.127845e-05,2.919473e+02,9.923971e-01
905,0.545698,2.931228e+02,1.252965e-02,2.206996e-01,4.825656e-01,1.127615e-05,2.914162e+02,9.908349e-01
906,0.544139,2.926432e+02,6.759948e-02,2.203091e-01,4.809936e-01,1.127380e-05,2.908850e+02,9.892508e-01
907,0.546531,2.920941e+02,1.429319e-02,2.204195e-01,4.808698e-01,1.128959e-05,2.903895e+02,9.890843e-01
908,0.545299,2.915867e+02,1.309385e-02,2.204800e-01,4.806014e-01,1.130010e-05,2.898837e+02,9.887716e-01
909,0.558042,2.910825e+02,1.463978e-02,2.204952e-01,4.802093e-01,1.131000e-05,2.893788e+02,9.883328e-01
910,0.552443,2.905785e+02,1.785303e-02,2.204700e-01,4.797144e-01,1.131683e-05,2.888727e+02,9.877920e-01
911,0.547734,2.900708e+02,2.118673e-02,2.203992e-01,4.791080e-01,1.132059e-05,2.883630e+02,9.871355e-01
912,0.543982,2.895557e+02,2.045845e-02,2.202901e-01,4.784038e-01,1.132179e-05,2.878501e+02,9.863757e-01
913,0.552909,2.890345e+02,1.478190e-02,2.201582e-01,4.776239e-01,1.132099e-05,2.873364e+02,9.855333e-01
914,0.550203,2.885147e+02,9.359825e-03,2.200168e-01,4.767884e-01,1.131896e-05,2.868239e+02,9.846283e-01
915,0.545258,2.880018e+02,9.593843e-03,2.198534e-01,4.758923e-01,1.131704e-05,2.863128e+02,9.836585e-01
916,0.543839,2.874901e+02,9.856104e-03,2.196704e-01,4.749442e-01,1.131601e-05,2.858030e+02,9.826350e-01
917,0.546048,2.869791e+02,1.009005e-02,2.194712e-01,4.739527e-01,1.131632e-05,2.852940e+02,9.815685e-01
918,0.544827,2.864686e+02,1.026239e-02,2.192587e-01,4.729247e-01,1.131808e-05,2.847857e+02,9.804682e-01
919,0.546570,2.859587e+02,1.035562e-02,2.190349e-01,4.718648e-01,1.132109e-05,2.842781e+02,9.793404e-01
920,0.546740,2.854500e+02,1.037185e-02,2.188009e-01,4.707764e-01,1.132493e-05,2.837719e+02,9.781893e-01
921,0.546030,2.849430e+02,1.032654e-02,2.185576e-01,4.696610e-01,1.132905e-05,2.832674e+02,9.770169e-01
922,0.544405,2.844379e+02,1.024022e-02,2.183051e-01,4.685194e-01,1.133292e-05,2.827650e+02,9.758234e-01
923,0.546356,2.839345e+02,1.013262e-02,2.180435e-01,4.673519e-01,1.133610e-05,2.822644e+02,9.746081e-01
924,0.545628,2.834329e+02,1.001957e-02,2.177728e-01,4.661589e-01,1.133832e-05,2.817655e+02,9.733698e-01
925,0.546340,2.829327e+02,9.912275e-03,2.174932e-01,4.649412e-01,1.133947e-05,2.812682e+02,9.721076e-01
926,0.551177,2.824339e+02,9.817694e-03,2.172050e-01,4.637004e-01,1.133967e-05,2.807723e+02,9.708214e-01
927,0.547842,2.819364e+02,9.739301e-03,2.169092e-01,4.624388e-01,1.133915e-05,2.802778e+02,9.695125e-01
928,0.544608,2.814401e+02,9.677600e-03,2.166067e-01,4.611597e-01,1.133822e-05,2.797845e+02,9.681834e-01
929,0.546238,2.809449e+02,9.630613e-03,2.162988e-01,4.598668e-01,1.133722e-05,2.792922e+02,9.668379e-01
930,0.554337,2.804506e+02,9.594698e-03,2.159868e-01,4.585641e-01,1.133641e-05,2.788010e+02,9.654806e-01
931,0.546381,2.799574e+02,9.565794e-03,2.156723e-01,4.572557e-01,1.133598e-05,2.783108e+02,9.641165e-01
932,0.548543,2.794653e+02,9.540687e-03,2.153564e-01,4.559451e-01,1.133598e-05,2.778217e+02,9.627501e-01
933,0.547591,2.789744e+02,9.517737e-03,2.150404e-01,4.546353e-01,1.133637e-05,2.773338e+02,9.613853e-01
934,0.550900,2.784847e+02,9.496743e-03,2.147250e-01,4.533286e-01,1.133701e-05,2.768472e+02,9.600246e-01
935,0.544507,2.779964e+02,9.478071e-03,2.144109e-01,4.520260e-01,1.133772e-05,2.763618e+02,9.586691e-01
936,0.544905,2.775093e+02,9.461283e-03,2.140983e-01,4.507279e-01,1.133830e-05,2.758777e+02,9.573184e-01
937,0.544521,2.770235e+02,9.568385e-03,2.137873e-01,4.494339e-01,1.133857e-05,2.753948e+02,9.559707e-01
938,0.546309,2.765396e+02,1.028285e-02,2.134815e-01,4.481464e-01,1.133832e-05,2.749130e+02,9.546263e-01
939,0.545632,2.760563e+02,1.032389e-02,2.131975e-01,4.469059e-01,1.133788e-05,2.744325e+02,9.533347e-01
940,0.542732,2.755741e+02,9.983396e-03,2.129231e-01,4.456823e-01,1.133691e-05,2.739535e+02,9.520570e-01
941,0.543357,2.750932e+02,9.508069e-03,2.126515e-01,4.444640e-01,1.133536e-05,2.734758e+02,9.507789e-01
942,0.544853,2.746131e+02,8.477619e-03,2.123809e-01,4.432461e-01,1.133307e-05,2.729995e+02,9.494928e-01
943,0.543347,2.741345e+02,7.616248e-03,2.121106e-01,4.420254e-01,1.133005e-05,2.725246e+02,9.481954e-01
944,0.545404,2.736606e+02,1.020734e-02,2.118357e-01,4.407998e-01,1.132785e-05,2.720508e+02,9.468954e-01
945,0.549114,2.731831e+02,8.442852e-03,2.115433e-01,4.395660e-01,1.133093e-05,2.715779e+02,9.456210e-01
946,0.558967,2.727082e+02,7.890323e-03,2.112415e-01,4.383237e-01,1.133595e-05,2.711064e+02,9.443478e-01
947,0.554827,2.722359e+02,8.614312e-03,2.109388e-01,4.370726e-01,1.133951e-05,2.706362e+02,9.430509e-01
948,0.543497,2.717644e+02,9.168165e-03,2.106368e-01,4.358130e-01,1.134095e-05,2.701670e+02,9.417259e-01
949,0.543839,2.712929e+02,8.951126e-03,2.103407e-01,4.345501e-01,1.134021e-05,2.696986e+02,9.403784e-01
950,0.546160,2.708219e+02,8.240859e-03,2.100510e-01,4.332863e-01,1.133762e-05,2.692313e+02,9.390143e-01
951,0.555668,2.703548e+02,1.012169e-02,2.097624e-01,4.320212e-01,1.133477e-05,2.687652e+02,9.376455e-01
952,0.546705,2.698867e+02,9.500418e-03,2.094611e-01,4.307516e-01,1.133579e-05,2.683007e+02,9.362984e-01
953,0.549600,2.694200e+02,8.691658e-03,2.091526e-01,4.294799e-01,1.133921e-05,2.678377e+02,9.349646e-01
954,0.551473,2.689558e+02,9.206366e-03,2.088497e-01,4.282102e-01,1.134151e-05,2.673759e+02,9.336231e-01
955,0.555395,2.684918e+02,8.998639e-03,2.085546e-01,4.269429e-01,1.134197e-05,2.669150e+02,9.322685e-01
956,0.552275,2.680285e+02,8.666823e-03,2.082636e-01,4.256750e-01,1.134086e-05,2.664550e+02,9.308997e-01
957,0.559004,2.675671e+02,9.386166e-03,2.079698e-01,4.244019e-01,1.133924e-05,2.659958e+02,9.295196e-01
958,0.557170,2.671071e+02,1.019204e-02,2.076675e-01,4.231224e-01,1.133906e-05,2.655379e+02,9.281413e-01
959,0.555942,2.666470e+02,9.657922e-03,2.073547e-01,4.218356e-01,1.134119e-05,2.650814e+02,9.267697e-01
960,0.550854,2.661889e+02,9.959302e-03,2.070363e-01,4.205410e-01,1.134374e-05,2.646259e+02,9.253908e-01
961,0.562124,2.657320e+02,1.078337e-02,2.067194e-01,4.192414e-01,1.134528e-05,2.641712e+02,9.239973e-01
962,0.565168,2.652755e+02,1.139344e-02,2.064065e-01,4.179375e-01,1.134534e-05,2.637172e+02,9.225887e-01
963,0.564275,2.648202e+02,1.259620e-02,2.060948e-01,4.166264e-01,1.134386e-05,2.632637e+02,9.211670e-01
964,0.551435,2.643664e+02,1.418964e-02,2.057759e-01,4.153011e-01,1.134336e-05,2.628114e+02,9.197377e-01
965,0.548904,2.639125e+02,1.434402e-02,2.054436e-01,4.139537e-01,1.134485e-05,2.623605e+02,9.182994e-01
966,0.550794,2.634599e+02,1.521044e-02,2.051023e-01,4.125797e-01,1.134640e-05,2.619102e+02,9.168333e-01
967,0.547172,2.630073e+02,1.674308e-02,2.047536e-01,4.111700e-01,1.134644e-05,2.614593e+02,9.153180e-01
968,0.551122,2.625523e+02,1.882589e-02,2.043892e-01,4.096978e-01,1.134445e-05,2.610056e+02,9.137219e-01
969,0.547163,2.620868e+02,2.087114e-02,2.039791e-01,4.080802e-01,1.134030e-05,2.605419e+02,9.119574e-01
970,0.546546,2.617130e+02,1.488891e-01,2.034332e-01,4.060580e-01,1.133247e-05,2.600449e+02,9.097546e-01
971,0.552881,2.612813e+02,8.024296e-03,2.041013e-01,4.080222e-01,1.142659e-05,2.597487e+02,9.124559e-01
972,0.547145,2.609782e+02,8.203934e-03,2.046635e-01,4.096382e-01,1.150771e-05,2.594410e+02,9.146866e-01
973,0.545239,2.606785e+02,1.158425e-02,2.051185e-01,4.109064e-01,1.156942e-05,2.591344e+02,9.164152e-01
974,0.546517,2.603073e+02,8.402581e-03,2.054687e-01,4.118377e-01,1.160996e-05,2.587640e+02,9.176370e-01
975,0.547605,2.598595e+02,9.887833e-03,2.057224e-01,4.124601e-01,1.163047e-05,2.583130e+02,9.183835e-01
976,0.544653,2.593577e+02,1.080663e-02,2.058909e-01,4.128100e-01,1.163432e-05,2.578095e+02,9.187095e-01
977,0.543556,2.588484e+02,1.130833e-02,2.059885e-01,4.129329e-01,1.162646e-05,2.572994e+02,9.186913e-01
978,0.543325,2.583672e+02,1.154333e-02,2.060300e-01,4.128763e-01,1.161241e-05,2.568183e+02,9.184139e-01
979,0.543021,2.579240e+02,1.156109e-02,2.060294e-01,4.126840e-01,1.159739e-05,2.563758e+02,9.179601e-01
980,0.543193,2.575059e+02,1.148688e-02,2.059982e-01,4.123942e-01,1.158559e-05,2.559586e+02,9.174049e-01
981,0.545016,2.570909e+02,1.145573e-02,2.059455e-01,4.120371e-01,1.157976e-05,2.555447e+02,9.168096e-01
982,0.544547,2.566630e+02,1.153334e-02,2.058766e-01,4.116325e-01,1.158101e-05,2.551178e+02,9.162172e-01
983,0.544865,2.562183e+02,1.172988e-02,2.057940e-01,4.111898e-01,1.158892e-05,2.546739e+02,9.156501e-01
984,0.542864,2.557630e+02,1.202849e-02,2.056972e-01,4.107091e-01,1.160185e-05,2.542195e+02,9.151103e-01
985,0.543846,2.553072e+02,1.238189e-02,2.055839e-01,4.101836e-01,1.161746e-05,2.537645e+02,9.145831e-01
986,0.547186,2.548581e+02,1.269880e-02,2.054509e-01,4.096024e-01,1.163319e-05,2.533163e+02,9.140419e-01
987,0.544582,2.544180e+02,1.286660e-02,2.052953e-01,4.089545e-01,1.164678e-05,2.528774e+02,9.134549e-01
988,0.543641,2.539851e+02,1.282602e-02,2.051154e-01,4.082316e-01,1.165665e-05,2.524461e+02,9.127924e-01
989,0.545699,2.535564e+02,1.263562e-02,2.049109e-01,4.074305e-01,1.166204e-05,2.520194e+02,9.120315e-01
990,0.546952,2.531294e+02,1.241316e-02,2.046832e-01,4.065522e-01,1.166299e-05,2.515946e+02,9.111582e-01
991,0.546491,2.527023e+02,1.218575e-02,2.044346e-01,4.056009e-01,1.166019e-05,2.511699e+02,9.101666e-01
992,0.548440,2.522743e+02,1.188199e-02,2.041678e-01,4.045837e-01,1.165472e-05,2.507446e+02,9.090596e-01
993,0.543927,2.518453e+02,1.145534e-02,2.038865e-01,4.035111e-01,1.164785e-05,2.503186e+02,9.078508e-01
994,0.544354,2.514161e+02,1.093264e-02,2.035950e-01,4.023972e-01,1.164080e-05,2.498926e+02,9.065634e-01
995,0.545704,2.509878e+02,1.037801e-02,2.032979e-01,4.012578e-01,1.163457e-05,2.494676e+02,9.052263e-01
996,0.545943,2.505616e+02,9.849825e-03,2.029992e-01,4.001077e-01,1.162978e-05,2.490448e+02,9.038693e-01
997,0.543842,2.501381e+02,9.382756e-03,2.027024e-01,3.989597e-01,1.162663e-05,2.486245e+02,9.025187e-01
998,0.543663,2.497169e+02,8.988770e-03,2.024094e-01,3.978224e-01,1.162496e-05,2.482064e+02,9.011930e-01
999,0.544412,2.492970e+02,8.664650e-03,2.021213e-01,3.967003e-01,1.162434e-05,2.477896e+02,8.999020e-01
1000,0.546600,2.488775e+02,8.398979e-03,2.018378e-01,3.955936e-01,1.162420e-05,2.473730e+02,8.986455e-01
1001,0.547199,2.484581e+02,8.176922e-03,2.015580e-01,3.944987e-01,1.162398e-05,2.469565e+02,8.974153e-01
1002,0.545978,2.480392e+02,7.983244e-03,2.012802e-01,3.934098e-01,1.162321e-05,2.465403e+02,8.961973e-01
1003,0.544056,2.476215e+02,7.804275e-03,2.010024e-01,3.923195e-01,1.162162e-05,2.461254e+02,8.949742e-01
1004,0.544285,2.472057e+02,7.629168e-03,2.007228e-01,3.912206e-01,1.161913e-05,2.457124e+02,8.937295e-01
1005,0.544013,2.467921e+02,7.450554e-03,2.004399e-01,3.901068e-01,1.161585e-05,2.453017e+02,8.924498e-01
1006,0.546106,2.463805e+02,7.264630e-03,2.001524e-01,3.889740e-01,1.161201e-05,2.448930e+02,8.911270e-01
1007,0.543506,2.459704e+02,7.070714e-03,1.998599e-01,3.878203e-01,1.160789e-05,2.444858e+02,8.897597e-01
1008,0.544993,2.455612e+02,6.870465e-03,1.995624e-01,3.866463e-01,1.160378e-05,2.440797e+02,8.883528e-01
1009,0.546506,2.451527e+02,6.666957e-03,1.992605e-01,3.854549e-01,1.159990e-05,2.436744e+02,8.869163e-01
1010,0.547529,2.447449e+02,6.463817e-03,1.989552e-01,3.842507e-01,1.159639e-05,2.432697e+02,8.854640e-01
1011,0.547880,2.443406e+02,8.962162e-03,1.986480e-01,3.830394e-01,1.159328e-05,2.428659e+02,8.840108e-01
1012,0.547599,2.439358e+02,9.866696e-03,1.983620e-01,3.818854e-01,1.159183e-05,2.424630e+02,8.826574e-01
1013,0.546980,2.435316e+02,1.024653e-02,1.980847e-01,3.807562e-01,1.159103e-05,2.420611e+02,8.813585e-01
1014,0.543187,2.431282e+02,1.044112e-02,1.978124e-01,3.796431e-01,1.159040e-05,2.416602e+02,8.801012e-01
1015,0.544209,2.427259e+02,1.053367e-02,1.975434e-01,3.785416e-01,1.158958e-05,2.412604e+02,8.788765e-01
1016,0.545405,2.423248e+02,1.055476e-02,1.972765e-01,3.774488e-01,1.158839e-05,2.408618e+02,8.776748e-01
1017,0.548541,2.419248e+02,1.051903e-02,1.970109e-01,3.763617e-01,1.158673e-05,2.404644e+02,8.764856e-01
1018,0.545933,2.415259e+02,1.043632e-02,1.967458e-01,3.752773e-01,1.158462e-05,2.400681e+02,8.752981e-01
1019,0.546108,2.411278e+02,1.031542e-02,1.964803e-01,3.741928e-01,1.158218e-05,2.396727e+02,8.741021e-01
1020,0.543618,2.407304e+02,1.016481e-02,1.962137e-01,3.731056e-01,1.157952e-05,2.392780e+02,8.728895e-01
1021,0.546326,2.403337e+02,9.992256e-03,1.959453e-01,3.720135e-01,1.157681e-05,2.388841e+02,8.716551e-01
1022,0.546085,2.399378e+02,9.804231e-03,1.956744e-01,3.709149e-01,1.157417e-05,2.384910e+02,8.703969e-01
1023,0.543357,2.395440e+02,1.082673e-02,1.954006e-01,3.698090e-01,1.157167e-05,2.380989e+02,8.691161e-01
1024,0.546543,2.391511e+02,1.134905e-02,1.951410e-01,3.687569e-01,1.157096e-05,2.377079e+02,8.679217e-01
1025,0.543038,2.387591e+02,1.151264e-02,1.948838e-01,3.677182e-01,1.157084e-05,2.373182e+02,8.667483e-01
1026,0.542566,2.383681e+02,1.157533e-02,1.946265e-01,3.666830e-01,1.157087e-05,2.369297e+02,8.655825e-01
1027,0.550425,2.379782e+02,1.158921e-02,1.943676e-01,3.656468e-01,1.157072e-05,2.365421e+02,8.644192e-01
1028,0.545191,2.375889e+02,1.156741e-02,1.941067e-01,3.646072e-01,1.157021e-05,2.361554e+02,8.632558e-01
1029,0.545670,2.372003e+02,1.151015e-02,1.938435e-01,3.635631e-01,1.156923e-05,2.357693e+02,8.620902e-01
1030,0.548926,2.368125e+02,1.141462e-02,1.935783e-01,3.625139e-01,1.156778e-05,2.353841e+02,8.609206e-01
1031,0.550131,2.364259e+02,1.172865e-02,1.933111e-01,3.614596e-01,1.156593e-05,2.349996e+02,8.597444e-01
1032,0.558342,2.360403e+02,1.201363e-02,1.930547e-01,3.604320e-01,1.156424e-05,2.346162e+02,8.586022e-01
1033,0.562831,2.356554e+02,1.202830e-02,1.927989e-01,3.594052e-01,1.156248e-05,2.342337e+02,8.574562e-01
1034,0.552894,2.352715e+02,1.194768e-02,1.925419e-01,3.583746e-01,1.156069e-05,2.338523e+02,8.562981e-01
1035,0.563325,2.348884e+02,1.181125e-02,1.922830e-01,3.573383e-01,1.155895e-05,2.334718e+02,8.551236e-01
1036,0.551211,2.345061e+02,1.163868e-02,1.920216e-01,3.562953e-01,1.155727e-05,2.330922e+02,8.539306e-01
1037,0.551747,2.341247e+02,1.144209e-02,1.917573e-01,3.552452e-01,1.155567e-05,2.327135e+02,8.527189e-01
1038,0.545706,2.337441e+02,1.122930e-02,1.914900e-01,3.541880e-01,1.155414e-05,2.323357e+02,8.514894e-01
1039,0.545896,2.333642e+02,1.100546e-02,1.912196e-01,3.531240e-01,1.155267e-05,2.319586e+02,8.502439e-01
1040,0.546859,2.329852e+02,1.077414e-02,1.909463e-01,3.520536e-01,1.155127e-05,2.315824e+02,8.489851e-01
1041,0.550203,2.326070e+02,1.053825e-02,1.906702e-01,3.509775e-01,1.155000e-05,2.312071e+02,8.477156e-01
1042,0.549716,2.322297e+02,1.030068e-02,1.903917e-01,3.498966e-01,1.154896e-05,2.308327e+02,8.464380e-01
1043,0.551036,2.318533e+02,1.006471e-02,1.901111e-01,3.488115e-01,1.154732e-05,2.304592e+02,8.451546e-01
1044,0.550715,2.314778e+02,9.834233e-03,1.898288e-01,3.477230e-01,1.154525e-05,2.300865e+02,8.438669e-01
1045,0.548174,2.311032e+02,9.613684e-03,1.895453e-01,3.466319e-01,1.154310e-05,2.297148e+02,8.425762e-01
1046,0.546835,2.307294e+02,9.408008e-03,1.892609e-01,3.455387e-01,1.154088e-05,2.293439e+02,8.412827e-01
1047,0.545482,2.303565e+02,9.222549e-03,1.889758e-01,3.444440e-01,1.153864e-05,2.289738e+02,8.399867e-01
1048,0.543245,2.299844e+02,9.063041e-03,1.886903e-01,3.433480e-01,1.153640e-05,2.286046e+02,8.386880e-01
1049,0.544600,2.296131e+02,8.935729e-03,1.884044e-01,3.422511e-01,1.153418e-05,2.282361e+02,8.373863e-01
1050,0.543126,2.292427e+02,8.847645e-03,1.881181e-01,3.411534e-01,1.153198e-05,2.278685e+02,8.360816e-01
1051,0.544995,2.288731e+02,8.807039e-03,1.878314e-01,3.400550e-01,1.152981e-05,2.275016e+02,8.347740e-01
1052,0.544729,2.285043e+02,8.823885e-03,1.875442e-01,3.389560e-01,1.152767e-05,2.271355e+02,8.334636e-01
1053,0.553631,2.281364e+02,8.910262e-03,1.872563e-01,3.378561e-01,1.152553e-05,2.267702e+02,8.321509e-01
1054,0.552756,2.277692e+02,9.079916e-03,1.869673e-01,3.367551e-01,1.152340e-05,2.264056e+02,8.308360e-01
1055,0.547097,2.274028e+02,9.344986e-03,1.866769e-01,3.356519e-01,1.152126e-05,2.260416e+02,8.295185e-01
1056,0.547413,2.270368e+02,9.702863e-03,1.863840e-01,3.345445e-01,1.151907e-05,2.256780e+02,8.281965e-01
1057,0.543969,2.266712e+02,1.008567e-02,1.860869e-01,3.334282e-01,1.151679e-05,2.253147e+02,8.268655e-01
1058,0.543670,2.263048e+02,1.014672e-02,1.857817e-01,3.322931e-01,1.151426e-05,2.249511e+02,8.255147e-01
1059,0.546951,2.259350e+02,8.439305e-03,1.854591e-01,3.311153e-01,1.151115e-05,2.245858e+02,8.241178e-01
1060,0.546130,2.255713e+02,1.794375e-02,1.851007e-01,3.298458e-01,1.150669e-05,2.242158e+02,8.226202e-01
1061,0.546376,2.252067e+02,1.306768e-02,1.848714e-01,3.288813e-01,1.150665e-05,2.238584e+02,8.214547e-01
1062,0.545593,2.248497e+02,7.380103e-03,1.847124e-01,3.280820e-01,1.150891e-05,2.235091e+02,8.204698e-01
1063,0.546088,2.244940e+02,8.182563e-03,1.844953e-01,3.271423e-01,1.150893e-05,2.231549e+02,8.193331e-01
1064,0.546027,2.241321e+02,7.148204e-03,1.842269e-01,3.260806e-01,1.150687e-05,2.227965e+02,8.180647e-01
1065,0.545991,2.237731e+02,1.422034e-02,1.839115e-01,3.249077e-01,1.150296e-05,2.224334e+02,8.166752e-01
1066,0.546243,2.234149e+02,1.076920e-02,1.836903e-01,3.239794e-01,1.150287e-05,2.220809e+02,8.155553e-01
1067,0.543446,2.230614e+02,6.936264e-03,1.835073e-01,3.231528e-01,1.150437e-05,2.217332e+02,8.145471e-01
1068,0.546294,2.227066e+02,6.973095e-03,1.832749e-01,3.222078e-01,1.150388e-05,2.213807e+02,8.134075e-01
1069,0.542482,2.223512e+02,1.076462e-02,1.829995e-01,3.211597e-01,1.150164e-05,2.210241e+02,8.121518e-01
1070,0.545607,2.219992e+02,1.262006e-02,1.827652e-01,3.202189e-01,1.150106e-05,2.206726e+02,8.110115e-01
1071,0.547511,2.216478e+02,7.112494e-03,1.825928e-01,3.194369e-01,1.150295e-05,2.203286e+02,8.100435e-01
1072,0.547245,2.212970e+02,7.163522e-03,1.823727e-01,3.185386e-01,1.150290e-05,2.199799e+02,8.089435e-01
1073,0.546816,2.209442e+02,1.004509e-02,1.821076e-01,3.175304e-01,1.150102e-05,2.196268e+02,8.077186e-01
1074,0.545496,2.205970e+02,1.483459e-02,1.818681e-01,3.165893e-01,1.150019e-05,2.192771e+02,8.065649e-01
1075,0.544358,2.202486e+02,7.326038e-03,1.817162e-01,3.158688e-01,1.150289e-05,2.189380e+02,8.056532e-01
1076,0.543242,2.199020e+02,7.571499e-03,1.815093e-01,3.150139e-01,1.150337e-05,2.185933e+02,8.045909e-01
1077,0.551026,2.195502e+02,8.223095e-03,1.812489e-01,3.140286e-01,1.150169e-05,2.182433e+02,8.033829e-01
1078,0.545937,2.192128e+02,2.405147e-02,1.809771e-01,3.130176e-01,1.149961e-05,2.178926e+02,8.021452e-01
1079,0.544627,2.188672e+02,8.673030e-03,1.808922e-01,3.124740e-01,1.150505e-05,2.175637e+02,8.014271e-01
1080,0.550180,2.185299e+02,1.010536e-02,1.807416e-01,3.117701e-01,1.150779e-05,2.172268e+02,8.005316e-01
1081,0.556334,2.181876e+02,1.025297e-02,1.805483e-01,3.109646e-01,1.150862e-05,2.168863e+02,7.995240e-01
1082,0.556830,2.178429e+02,1.020311e-02,1.803215e-01,3.100803e-01,1.150795e-05,2.165438e+02,7.984296e-01
1083,0.560152,2.174951e+02,9.467830e-03,1.800617e-01,3.091179e-01,1.150591e-05,2.161992e+02,7.972482e-01
1084,0.559445,2.171420e+02,8.038066e-03,1.797596e-01,3.080536e-01,1.150236e-05,2.158501e+02,7.959518e-01
1085,0.557181,2.168497e+02,6.925026e-02,1.794376e-01,3.069410e-01,1.149840e-05,2.154995e+02,7.945989e-01
1086,0.551395,2.164864e+02,9.289804e-03,1.796304e-01,3.070985e-01,1.151523e-05,2.151957e+02,7.946654e-01
1087,0.561888,2.161623e+02,7.437461e-03,1.797685e-01,3.071237e-01,1.152950e-05,2.148733e+02,7.945867e-01
1088,0.551163,2.158383e+02,7.494669e-03,1.798586e-01,3.070376e-01,1.153953e-05,2.145495e+02,7.943883e-01
1089,0.555922,2.155118e+02,7.940660e-03,1.799029e-01,3.068488e-01,1.154675e-05,2.142230e+02,7.940799e-01
1090,0.555665,2.151810e+02,8.449242e-03,1.799045e-01,3.065659e-01,1.155141e-05,2.138924e+02,7.936698e-01
1091,0.551118,2.148467e+02,8.914371e-03,1.798673e-01,3.061983e-01,1.155347e-05,2.135585e+02,7.931659e-01
1092,0.557383,2.145107e+02,9.298527e-03,1.797959e-01,3.057559e-01,1.155376e-05,2.132233e+02,7.925762e-01
1093,0.558575,2.141751e+02,9.591283e-03,1.796952e-01,3.052489e-01,1.155322e-05,2.128886e+02,7.919090e-01
1094,0.561339,2.138405e+02,9.787061e-03,1.795700e-01,3.046869e-01,1.155272e-05,2.125553e+02,7.911727e-01
1095,0.553929,2.135068e+02,9.879725e-03,1.794248e-01,3.040783e-01,1.155294e-05,2.122230e+02,7.903752e-01
1096,0.556584,2.131733e+02,9.869042e-03,1.792632e-01,3.034302e-01,1.155421e-05,2.118912e+02,7.895243e-01
1097,0.554898,2.128396e+02,9.766823e-03,1.790882e-01,3.027482e-01,1.155656e-05,2.115594e+02,7.886270e-01
1098,0.546291,2.125061e+02,9.595739e-03,1.789019e-01,3.020363e-01,1.155973e-05,2.112278e+02,7.876899e-01
1099,0.544421,2.121731e+02,9.382155e-03,1.787055e-01,3.012972e-01,1.156328e-05,2.108969e+02,7.867184e-01
1100,0.550128,2.118411e+02,9.148228e-03,1.784999e-01,3.005326e-01,1.156670e-05,2.105672e+02,7.857171e-01
1101,0.549972,2.115105e+02,8.907753e-03,1.782853e-01,2.997436e-01,1.156951e-05,2.102389e+02,7.846895e-01
1102,0.554096,2.111812e+02,8.666791e-03,1.780619e-01,2.989313e-01,1.157139e-05,2.099119e+02,7.836384e-01
1103,0.546366,2.108530e+02,8.427069e-03,1.778298e-01,2.980968e-01,1.157217e-05,2.095861e+02,7.825659e-01
1104,0.549275,2.105256e+02,8.189496e-03,1.775894e-01,2.972419e-01,1.157191e-05,2.092611e+02,7.814742e-01
1105,0.552591,2.101988e+02,7.956241e-03,1.773416e-01,2.963688e-01,1.157081e-05,2.089368e+02,7.803652e-01
1106,0.547192,2.098726e+02,7.731091e-03,1.770874e-01,2.954805e-01,1.156917e-05,2.086130e+02,7.792415e-01
1107,0.552194,2.095468e+02,7.518667e-03,1.768282e-01,2.945804e-01,1.156732e-05,2.082897e+02,7.781058e-01
1108,0.545078,2.092214e+02,7.323232e-03,1.765655e-01,2.936720e-01,1.156556e-05,2.079669e+02,7.769613e-01
1109,0.544678,2.088966e+02,7.147753e-03,1.763008e-01,2.927588e-01,1.156409e-05,2.076445e+02,7.758112e-01
1110,0.547239,2.085724e+02,6.993488e-03,1.760357e-01,2.918438e-01,1.156303e-05,2.073229e+02,7.746587e-01
1111,0.545597,2.082490e+02,6.860124e-03,1.757712e-01,2.909296e-01,1.156234e-05,2.070020e+02,7.735063e-01
1112,0.546237,2.079273e+02,7.522675e-03,1.755083e-01,2.900178e-01,1.156194e-05,2.066819e+02,7.723557e-01
1113,0.545058,2.076062e+02,7.855238e-03,1.752639e-01,2.891631e-01,1.156311e-05,2.063626e+02,7.713055e-01
1114,0.543158,2.072857e+02,7.966151e-03,1.750275e-01,2.883309e-01,1.156472e-05,2.060441e+02,7.702919e-01
1115,0.544393,2.069699e+02,1.200818e-02,1.747963e-01,2.875114e-01,1.156635e-05,2.057262e+02,7.692959e-01
1116,0.543833,2.066408e+02,7.939800e-03,1.745258e-01,2.866125e-01,1.157092e-05,2.054035e+02,7.682095e-01
1117,0.545156,2.063046e+02,9.520762e-03,1.742037e-01,2.856082e-01,1.157776e-05,2.050682e+02,7.669989e-01
1118,0.546314,2.059686e+02,9.179870e-03,1.738368e-01,2.845125e-01,1.158678e-05,2.047354e+02,7.656756e-01
1119,0.542358,2.056431e+02,7.113217e-03,1.734615e-01,2.834082e-01,1.159615e-05,2.044148e+02,7.643461e-01
1120,0.543731,2.053242e+02,6.478193e-03,1.730824e-01,2.822814e-01,1.160220e-05,2.040994e+02,7.629483e-01
1121,0.543719,2.050062e+02,6.294637e-03,1.727079e-01,2.811492e-01,1.160436e-05,2.037845e+02,7.615003e-01
1122,0.545204,2.046881e+02,6.399043e-03,1.723406e-01,2.800185e-01,1.160300e-05,2.034693e+02,7.600139e-01
1123,0.542876,2.043719e+02,8.148052e-03,1.719810e-01,2.788931e-01,1.159900e-05,2.031544e+02,7.585018e-01
1124,0.545273,2.040595e+02,1.281271e-02,1.716370e-01,2.777958e-01,1.159388e-05,2.028402e+02,7.570151e-01
1125,0.546060,2.037471e+02,1.672298e-02,1.713118e-01,2.767175e-01,1.158794e-05,2.025268e+02,7.555442e-01
1126,0.547493,2.034320e+02,1.806489e-02,1.709924e-01,2.756358e-01,1.158182e-05,2.022133e+02,7.540733e-01
1127,0.542626,2.031106e+02,1.642080e-02,1.706568e-01,2.745099e-01,1.157567e-05,2.018965e+02,7.525650e-01
1128,0.545083,2.028487e+02,7.888172e-02,1.702928e-01,2.733222e-01,1.156981e-05,2.015752e+02,7.510068e-01
1129,0.545528,2.025031e+02,9.973035e-03,1.704479e-01,2.733799e-01,1.158724e-05,2.012983e+02,7.509394e-01
1130,0.548821,2.022082e+02,7.705876e-03,1.705609e-01,2.733360e-01,1.160262e-05,2.010059e+02,7.507825e-01
1131,0.545312,2.019151e+02,7.751862e-03,1.706299e-01,2.732032e-01,1.161523e-05,2.007129e+02,7.505511e-01
1132,0.545878,2.016188e+02,8.099989e-03,1.706564e-01,2.729858e-01,1.162351e-05,2.004169e+02,7.502433e-01
1133,0.545047,2.013173e+02,8.460369e-03,1.706427e-01,2.726878e-01,1.162811e-05,2.001156e+02,7.498528e-01
1134,0.542586,2.010114e+02,8.742132e-03,1.705925e-01,2.723145e-01,1.162996e-05,1.998104e+02,7.493727e-01
1135,0.544348,2.007041e+02,8.914374e-03,1.705103e-01,2.718721e-01,1.162914e-05,1.995040e+02,7.487979e-01
1136,0.546409,2.003979e+02,8.980815e-03,1.704012e-01,2.713681e-01,1.162668e-05,1.991990e+02,7.481265e-01
1137,0.543794,2.000936e+02,8.963854e-03,1.702701e-01,2.708103e-01,1.162366e-05,1.988962e+02,7.473614e-01
1138,0.543188,1.997904e+02,8.889806e-03,1.701213e-01,2.702063e-01,1.162102e-05,1.985946e+02,7.465100e-01
1139,0.543790,1.994870e+02,8.779848e-03,1.699583e-01,2.695633e-01,1.161942e-05,1.982931e+02,7.455834e-01
1140,0.544214,1.991828e+02,8.647946e-03,1.697837e-01,2.688874e-01,1.161914e-05,1.979909e+02,7.445957e-01
1141,0.544867,1.988781e+02,8.502560e-03,1.695991e-01,2.681836e-01,1.162011e-05,1.976883e+02,7.435621e-01
1142,0.546300,1.985739e+02,8.348359e-03,1.694053e-01,2.674559e-01,1.162197e-05,1.973862e+02,7.424970e-01
1143,0.545737,1.982710e+02,8.186792e-03,1.692024e-01,2.667069e-01,1.162420e-05,1.970855e+02,7.414130e-01
1144,0.543658,1.979698e+02,8.016600e-03,1.689905e-01,2.659388e-01,1.162626e-05,1.967866e+02,7.403189e-01
1145,0.547621,1.976703e+02,7.835237e-03,1.687693e-01,2.651527e-01,1.162771e-05,1.964893e+02,7.392203e-01
1146,0.551793,1.973719e+02,7.640946e-03,1.685389e-01,2.643499e-01,1.162826e-05,1.961932e+02,7.381189e-01
1147,0.543443,1.970742e+02,7.434456e-03,1.682999e-01,2.635316e-01,1.162785e-05,1.958979e+02,7.370140e-01
1148,0.543241,1.967768e+02,7.219564e-03,1.680530e-01,2.626994e-01,1.162659e-05,1.956029e+02,7.359032e-01
1149,0.546816,1.964796e+02,7.002507e-03,1.677997e-01,2.618555e-01,1.162473e-05,1.953082e+02,7.347837e-01
1150,0.546315,1.961826e+02,6.790564e-03,1.675415e-01,2.610025e-01,1.162258e-05,1.950136e+02,7.336534e-01
1151,0.545736,1.958858e+02,6.590517e-03,1.672805e-01,2.601433e-01,1.162044e-05,1.947193e+02,7.325116e-01
1152,0.545641,1.955896e+02,6.407489e-03,1.670183e-01,2.592809e-01,1.161851e-05,1.944255e+02,7.313592e-01
1153,0.543712,1.952941e+02,6.244375e-03,1.667567e-01,2.584184e-01,1.161692e-05,1.941324e+02,7.301989e-01
1154,0.545276,1.949994e+02,6.101861e-03,1.664970e-01,2.575581e-01,1.161568e-05,1.938402e+02,7.290343e-01
1155,0.545867,1.947056e+02,5.978900e-03,1.662401e-01,2.567019e-01,1.161469e-05,1.935488e+02,7.278695e-01
1156,0.554852,1.944124e+02,5.873424e-03,1.659866e-01,2.558512e-01,1.161385e-05,1.932580e+02,7.267083e-01
1157,0.547757,1.941199e+02,5.783144e-03,1.657365e-01,2.550064e-01,1.161302e-05,1.929678e+02,7.255535e-01
1158,0.543795,1.938279e+02,5.706271e-03,1.654895e-01,2.541673e-01,1.161211e-05,1.926781e+02,7.244067e-01
1159,0.545504,1.935365e+02,5.642107e-03,1.652451e-01,2.533331e-01,1.161070e-05,1.923890e+02,7.232675e-01
1160,0.544376,1.932460e+02,5.591468e-03,1.650025e-01,2.525025e-01,1.160860e-05,1.921007e+02,7.221346e-01
1161,0.546614,1.929562e+02,5.557003e-03,1.647610e-01,2.516743e-01,1.160619e-05,1.918132e+02,7.210054e-01
1162,0.545278,1.926673e+02,5.543480e-03,1.645197e-01,2.508469e-01,1.160357e-05,1.915265e+02,7.198769e-01
1163,0.547010,1.923791e+02,5.558173e-03,1.642780e-01,2.500191e-01,1.160085e-05,1.912405e+02,7.187462e-01
1164,0.546044,1.920914e+02,5.611519e-03,1.640352e-01,2.491899e-01,1.159814e-05,1.909550e+02,7.176109e-01
1165,0.545155,1.918061e+02,7.594613e-03,1.637910e-01,2.483585e-01,1.159552e-05,1.906698e+02,7.164696e-01
1166,0.542754,1.915203e+02,8.528492e-03,1.635672e-01,2.475781e-01,1.159462e-05,1.903852e+02,7.154149e-01
1167,0.542889,1.912347e+02,9.091078e-03,1.633500e-01,2.468152e-01,1.159434e-05,1.901011e+02,7.143893e-01
1168,0.552132,1.909497e+02,9.587786e-03,1.631350e-01,2.460589e-01,1.159420e-05,1.898175e+02,7.133750e-01
1169,0.545893,1.906651e+02,1.011210e-02,1.629196e-01,2.453031e-01,1.159385e-05,1.895344e+02,7.123618e-01
1170,0.543370,1.903823e+02,1.214529e-02,1.627020e-01,2.445430e-01,1.159304e-05,1.892516e+02,7.113427e-01
1171,0.542830,1.900989e+02,1.315420e-02,1.624916e-01,2.438047e-01,1.159252e-05,1.889691e+02,7.103659e-01
1172,0.544530,1.898156e+02,1.416185e-02,1.622811e-01,2.430686e-01,1.159169e-05,1.886867e+02,7.093978e-01
1173,0.545282,1.895319e+02,1.521146e-02,1.620650e-01,2.423205e-01,1.159019e-05,1.884038e+02,7.084146e-01
1174,0.544510,1.892460e+02,1.584748e-02,1.618355e-01,2.415411e-01,1.158765e-05,1.881194e+02,7.073881e-01
1175,0.542776,1.889530e+02,1.457307e-02,1.615762e-01,2.406924e-01,1.158340e-05,1.878298e+02,7.062679e-01
1176,0.544259,1.887262e+02,8.866346e-02,1.612717e-01,2.397373e-01,1.157182e-05,1.875315e+02,7.050036e-01
1177,0.544602,1.884163e+02,1.451018e-02,1.614885e-01,2.399328e-01,1.158255e-05,1.872953e+02,7.051087e-01
1178,0.544160,1.881472e+02,5.690215e-03,1.616533e-01,2.400162e-01,1.158646e-05,1.870347e+02,7.050845e-01
1179,0.547310,1.878844e+02,5.372098e-03,1.617702e-01,2.400016e-01,1.158922e-05,1.867723e+02,7.049482e-01
1180,0.544297,1.876187e+02,5.511766e-03,1.618414e-01,2.398974e-01,1.158783e-05,1.865067e+02,7.047128e-01
1181,0.544786,1.873481e+02,5.735666e-03,1.618699e-01,2.397116e-01,1.158614e-05,1.862364e+02,7.043873e-01
1182,0.543833,1.870756e+02,7.987338e-03,1.618597e-01,2.394526e-01,1.158121e-05,1.859623e+02,7.039791e-01
1183,0.544944,1.867995e+02,8.492846e-03,1.618172e-01,2.391350e-01,1.157899e-05,1.856865e+02,7.035079e-01
1184,0.545299,1.865236e+02,8.726271e-03,1.617471e-01,2.387642e-01,1.157737e-05,1.854114e+02,7.029704e-01
1185,0.543854,1.862489e+02,8.828787e-03,1.616544e-01,2.383473e-01,1.157635e-05,1.851377e+02,7.023685e-01
1186,0.543235,1.859751e+02,8.858499e-03,1.615438e-01,2.378911e-01,1.157624e-05,1.848651e+02,7.017066e-01
1187,0.543426,1.857016e+02,8.844895e-03,1.614191e-01,2.374015e-01,1.157582e-05,1.845929e+02,7.009897e-01
1188,0.545173,1.854276e+02,8.803752e-03,1.612832e-01,2.368831e-01,1.156612e-05,1.843204e+02,7.002236e-01
1189,0.544183,1.851534e+02,8.743304e-03,1.611378e-01,2.363387e-01,1.156113e-05,1.840478e+02,6.994141e-01
1190,0.545811,1.848795e+02,8.670532e-03,1.609837e-01,2.357703e-01,1.155642e-05,1.837755e+02,6.985666e-01
1191,0.546161,1.846064e+02,8.580905e-03,1.608208e-01,2.351786e-01,1.155493e-05,1.835042e+02,6.976859e-01
1192,0.546012,1.843347e+02,8.475010e-03,1.606487e-01,2.345643e-01,1.155499e-05,1.832342e+02,6.967761e-01
1193,0.545524,1.840642e+02,8.352856e-03,1.604670e-01,2.339277e-01,1.155511e-05,1.829656e+02,6.958404e-01
1194,0.546500,1.837949e+02,8.215864e-03,1.602755e-01,2.332697e-01,1.155462e-05,1.826982e+02,6.948815e-01
1195,0.543430,1.835263e+02,8.067762e-03,1.600743e-01,2.325918e-01,1.154799e-05,1.824316e+02,6.939018e-01
1196,0.545785,1.832587e+02,8.543073e-03,1.598641e-01,2.318964e-01,1.153741e-05,1.821655e+02,6.929040e-01
1197,0.543887,1.829925e+02,1.019500e-02,1.596504e-01,2.311996e-01,1.153199e-05,1.818996e+02,6.919164e-01
1198,0.545875,1.827252e+02,1.058772e-02,1.594405e-01,2.305190e-01,1.152910e-05,1.816337e+02,6.909683e-01
1199,0.546591,1.824579e+02,1.077509e-02,1.592307e-01,2.298423e-01,1.152423e-05,1.813680e+02,6.900332e-01
1200,0.547084,1.821909e+02,1.087351e-02,1.590200e-01,2.291658e-01,1.152204e-05,1.811027e+02,6.891004e-01
1201,0.547304,1.819244e+02,1.092080e-02,1.588087e-01,2.284880e-01,1.152085e-05,1.808380e+02,6.881647e-01
1202,0.545484,1.816586e+02,1.093467e-02,1.585971e-01,2.278085e-01,1.151630e-05,1.805741e+02,6.872231e-01
1203,0.545540,1.813936e+02,1.092402e-02,1.583857e-01,2.271272e-01,1.150753e-05,1.803109e+02,6.862740e-01
1204,0.543925,1.811292e+02,1.089295e-02,1.581747e-01,2.264437e-01,1.149999e-05,1.800483e+02,6.853162e-01
1205,0.546229,1.808652e+02,1.084373e-02,1.579639e-01,2.257576e-01,1.149605e-05,1.797863e+02,6.843485e-01
1206,0.544652,1.806016e+02,1.078263e-02,1.577532e-01,2.250681e-01,1.149359e-05,1.795246e+02,6.833695e-01
1207,0.545799,1.803386e+02,1.070905e-02,1.575419e-01,2.243744e-01,1.149144e-05,1.792636e+02,6.823780e-01
1208,0.549579,1.800761e+02,1.062975e-02,1.573294e-01,2.236754e-01,1.147819e-05,1.790031e+02,6.813726e-01
1209,0.545864,1.798153e+02,1.152661e-02,1.571150e-01,2.229701e-01,1.146914e-05,1.787433e+02,6.803519e-01
1210,0.545819,1.795539e+02,1.053536e-02,1.569547e-01,2.223893e-01,1.146256e-05,1.784845e+02,6.795541e-01
1211,0.543380,1.792942e+02,1.051312e-02,1.567851e-01,2.217866e-01,1.145189e-05,1.782264e+02,6.787146e-01
1212,0.554366,1.790348e+02,1.048903e-02,1.566060e-01,2.211624e-01,1.144425e-05,1.779687e+02,6.778351e-01
1213,0.545837,1.787774e+02,1.220213e-02,1.564178e-01,2.205182e-01,1.144052e-05,1.777113e+02,6.769185e-01
1214,0.545995,1.785191e+02,1.245201e-02,1.562434e-01,2.199073e-01,1.144005e-05,1.774544e+02,6.760624e-01
1215,0.542704,1.782613e+02,1.260492e-02,1.560763e-01,2.193150e-01,1.143729e-05,1.771980e+02,6.752405e-01
1216,0.544750,1.780041e+02,1.255089e-02,1.559167e-01,2.187425e-01,1.143477e-05,1.769424e+02,6.744547e-01
1217,0.546000,1.777475e+02,1.238286e-02,1.557678e-01,2.181994e-01,1.143265e-05,1.766874e+02,6.737221e-01
1218,0.548075,1.774913e+02,1.174012e-02,1.556342e-01,2.176972e-01,1.143079e-05,1.764331e+02,6.730626e-01
1219,0.542557,1.772359e+02,1.072557e-02,1.555417e-01,2.172940e-01,1.143352e-05,1.761798e+02,6.725819e-01
1220,0.543980,1.769818e+02,1.081367e-02,1.554393e-01,2.168722e-01,1.143448e-05,1.759266e+02,6.720626e-01
1221,0.543799,1.767279e+02,1.091220e-02,1.553280e-01,2.164332e-01,1.143252e-05,1.756737e+02,6.715059e-01
1222,0.543807,1.764742e+02,1.102685e-02,1.552086e-01,2.159776e-01,1.142689e-05,1.754210e+02,6.709120e-01
1223,0.545583,1.762208e+02,1.117450e-02,1.550815e-01,2.155056e-01,1.142134e-05,1.751688e+02,6.702807e-01
1224,0.545235,1.759680e+02,1.136589e-02,1.549471e-01,2.150180e-01,1.141645e-05,1.749170e+02,6.696137e-01
1225,0.546093,1.757156e+02,1.162530e-02,1.548058e-01,2.145155e-01,1.141046e-05,1.746657e+02,6.689139e-01
1226,0.546389,1.754637e+02,1.199523e-02,1.546577e-01,2.139983e-01,1.140474e-05,1.744148e+02,6.681837e-01
1227,0.543601,1.752144e+02,1.467088e-02,1.545041e-01,2.134708e-01,1.140046e-05,1.741644e+02,6.674339e-01
1228,0.547108,1.749640e+02,1.561117e-02,1.543613e-01,2.129718e-01,1.139832e-05,1.739143e+02,6.667388e-01
1229,0.544410,1.747139e+02,1.641660e-02,1.542225e-01,2.124855e-01,1.139722e-05,1.736647e+02,6.660722e-01
1230,0.543718,1.744642e+02,1.737768e-02,1.540832e-01,2.120012e-01,1.139517e-05,1.734153e+02,6.654167e-01
1231,0.545355,1.742146e+02,1.842459e-02,1.539387e-01,2.115066e-01,1.138966e-05,1.731660e+02,6.647522e-01
1232,0.543395,1.739648e+02,1.988194e-02,1.537850e-01,2.109927e-01,1.138498e-05,1.729160e+02,6.640637e-01
1233,0.545100,1.737135e+02,2.199620e-02,1.536161e-01,2.104442e-01,1.137491e-05,1.726641e+02,6.633269e-01
1234,0.546788,1.734549e+02,2.371438e-02,1.534160e-01,2.098200e-01,1.135918e-05,1.724054e+02,6.624758e-01
1235,0.545411,1.731530e+02,1.333915e-02,1.531360e-01,2.089961e-01,1.133292e-05,1.721162e+02,6.613195e-01
1236,0.546843,1.728785e+02,1.336289e-02,1.527759e-01,2.079667e-01,1.130601e-05,1.718445e+02,6.598394e-01
1237,0.546188,1.726349e+02,1.243329e-02,1.524330e-01,2.069805e-01,1.128737e-05,1.716046e+02,6.584174e-01
1238,0.543864,1.723897e+02,1.109733e-02,1.521066e-01,2.060341e-01,1.127594e-05,1.713634e+02,6.570459e-01
1239,0.543828,1.721431e+02,1.076365e-02,1.517955e-01,2.051264e-01,1.126668e-05,1.711196e+02,6.557265e-01
1240,0.545919,1.718946e+02,1.041779e-02,1.514942e-01,2.042521e-01,1.126421e-05,1.708739e+02,6.544605e-01
1241,0.546007,1.716474e+02,1.035825e-02,1.512101e-01,2.034328e-01,1.126000e-05,1.706291e+02,6.532888e-01
1242,0.543960,1.714028e+02,1.052871e-02,1.509456e-01,2.026672e-01,1.126035e-05,1.703865e+02,6.522017e-01
1243,0.546590,1.711602e+02,1.203991e-02,1.506969e-01,2.019414e-01,1.126216e-05,1.701443e+02,6.511709e-01
1244,0.549155,1.709122e+02,1.241396e-02,1.504105e-01,2.011502e-01,1.126385e-05,1.698982e+02,6.500472e-01
1245,0.543834,1.706662e+02,1.348289e-02,1.501196e-01,2.003525e-01,1.126115e-05,1.696533e+02,6.489009e-01
1246,0.547106,1.704224e+02,1.528948e-02,1.498201e-01,1.995377e-01,1.125660e-05,1.694101e+02,6.477109e-01
1247,0.544595,1.701814e+02,1.869377e-02,1.495294e-01,1.987233e-01,1.124773e-05,1.691679e+02,6.464935e-01
1248,0.544081,1.699390e+02,1.970298e-02,1.492543e-01,1.979319e-01,1.124087e-05,1.689268e+02,6.452884e-01
1249,0.547256,1.696968e+02,1.954211e-02,1.489900e-01,1.971633e-01,1.123476e-05,1.686870e+02,6.441004e-01
1250,0.543389,1.694551e+02,1.869248e-02,1.487321e-01,1.964149e-01,1.122289e-05,1.684483e+02,6.429302e-01
1251,0.545934,1.692139e+02,1.730598e-02,1.484779e-01,1.956840e-01,1.120761e-05,1.682107e+02,6.417788e-01
1252,0.546085,1.689731e+02,1.562420e-02,1.482263e-01,1.949688e-01,1.119240e-05,1.679737e+02,6.406489e-01
1253,0.546150,1.687328e+02,1.396553e-02,1.479776e-01,1.942688e-01,1.118076e-05,1.677371e+02,6.395440e-01
1254,0.543913,1.684931e+02,1.256111e-02,1.477325e-01,1.935835e-01,1.117140e-05,1.675008e+02,6.384667e-01
1255,0.546526,1.682546e+02,1.203321e-02,1.474916e-01,1.929115e-01,1.116591e-05,1.672648e+02,6.374168e-01
1256,0.543899,1.680164e+02,1.136021e-02,1.472564e-01,1.922539e-01,1.116157e-05,1.670291e+02,6.363968e-01
1257,0.545900,1.677788e+02,1.079840e-02,1.470255e-01,1.916064e-01,1.115970e-05,1.667940e+02,6.353987e-01
1258,0.545230,1.675418e+02,1.032766e-02,1.467976e-01,1.909647e-01,1.115590e-05,1.665593e+02,6.344129e-01
1259,0.545935,1.673055e+02,9.924222e-03,1.465716e-01,1.903258e-01,1.114311e-05,1.663252e+02,6.334313e-01
1260,0.546384,1.670697e+02,9.566296e-03,1.463471e-01,1.896878e-01,1.112976e-05,1.660917e+02,6.324475e-01
1261,0.546073,1.668345e+02,9.258222e-03,1.461236e-01,1.890496e-01,1.111336e-05,1.658586e+02,6.314567e-01
1262,0.547536,1.665998e+02,8.962372e-03,1.459010e-01,1.884109e-01,1.110044e-05,1.656261e+02,6.304566e-01
1263,0.546439,1.663655e+02,8.684385e-03,1.456794e-01,1.877721e-01,1.109118e-05,1.653939e+02,6.294466e-01
1264,0.542370,1.661317e+02,8.430446e-03,1.454590e-01,1.871340e-01,1.108353e-05,1.651622e+02,6.284289e-01
1265,0.542523,1.658984e+02,8.195170e-03,1.452402e-01,1.864982e-01,1.107591e-05,1.649311e+02,6.274078e-01
1266,0.544021,1.656657e+02,7.983406e-03,1.450235e-01,1.858662e-01,1.106725e-05,1.647004e+02,6.263881e-01
1267,0.546616,1.654343e+02,8.442926e-03,1.448091e-01,1.852395e-01,1.105257e-05,1.644704e+02,6.253745e-01
1268,0.543929,1.652029e+02,8.483011e-03,1.446005e-01,1.846282e-01,1.104540e-05,1.642408e+02,6.243920e-01
1269,0.543505,1.649720e+02,8.440640e-03,1.443960e-01,1.840275e-01,1.103517e-05,1.640117e+02,6.234300e-01
1270,0.545812,1.647415e+02,8.367256e-03,1.441948e-01,1.834352e-01,1.102221e-05,1.637830e+02,6.224840e-01
1271,0.545909,1.645114e+02,8.305693e-03,1.439963e-01,1.828497e-01,1.101576e-05,1.635547e+02,6.215499e-01
1272,0.542995,1.642817e+02,8.217477e-03,1.438003e-01,1.822699e-01,1.100799e-05,1.633268e+02,6.206241e-01
1273,0.543682,1.640525e+02,8.114731e-03,1.436061e-01,1.816942e-01,1.100212e-05,1.630993e+02,6.197019e-01
1274,0.542121,1.638237e+02,8.003607e-03,1.434132e-01,1.811213e-01,1.099839e-05,1.628724e+02,6.187790e-01
1275,0.543401,1.635955e+02,7.888704e-03,1.432213e-01,1.805501e-01,1.099554e-05,1.626460e+02,6.178524e-01
1276,0.545824,1.633677e+02,7.770340e-03,1.430299e-01,1.799797e-01,1.098856e-05,1.624200e+02,6.169200e-01
1277,0.546273,1.631404e+02,7.650589e-03,1.428386e-01,1.794097e-01,1.098303e-05,1.621945e+02,6.159813e-01
1278,0.542397,1.629136e+02,7.536494e-03,1.426473e-01,1.788398e-01,1.097604e-05,1.619695e+02,6.150371e-01
1279,0.544248,1.626873e+02,7.424342e-03,1.424558e-01,1.782702e-01,1.096272e-05,1.617450e+02,6.140893e-01
1280,0.544669,1.624617e+02,7.469499e-03,1.422642e-01,1.777013e-01,1.095117e-05,1.615211e+02,6.131403e-01
1281,0.543338,1.622380e+02,7.414089e-03,1.420805e-01,1.771544e-01,1.093742e-05,1.612991e+02,6.122326e-01
1282,0.545479,1.620153e+02,7.305998e-03,1.419202e-01,1.766688e-01,1.092897e-05,1.610780e+02,6.114439e-01
1283,0.547806,1.617932e+02,7.447828e-03,1.417852e-01,1.762498e-01,1.092391e-05,1.608569e+02,6.107845e-01
1284,0.552549,1.615710e+02,7.289836e-03,1.416667e-01,1.758842e-01,1.092190e-05,1.606359e+02,6.102327e-01
1285,0.544219,1.613498e+02,7.807664e-03,1.415716e-01,1.755705e-01,1.092105e-05,1.604150e+02,6.097770e-01
1286,0.545558,1.611283e+02,7.798012e-03,1.415020e-01,1.753036e-01,1.092061e-05,1.601943e+02,6.094024e-01
1287,0.546440,1.609068e+02,7.316578e-03,1.414538e-01,1.750751e-01,1.092027e-05,1.599739e+02,6.090921e-01
1288,0.545891,1.606862e+02,7.283376e-03,1.414184e-01,1.748742e-01,1.092001e-05,1.597538e+02,6.088289e-01
1289,0.545758,1.604663e+02,7.599028e-03,1.413855e-01,1.746899e-01,1.091986e-05,1.595340e+02,6.085966e-01
1290,0.545725,1.602463e+02,7.507157e-03,1.413499e-01,1.745158e-01,1.091989e-05,1.593145e+02,6.083856e-01
1291,0.543434,1.600265e+02,7.351149e-03,1.413135e-01,1.743522e-01,1.092007e-05,1.590953e+02,6.081949e-01
1292,0.541963,1.598077e+02,7.626250e-03,1.412831e-01,1.742039e-01,1.092038e-05,1.588765e+02,6.080294e-01
1293,0.545393,1.595893e+02,7.869658e-03,1.412646e-01,1.740754e-01,1.092076e-05,1.586582e+02,6.078946e-01
1294,0.545343,1.593709e+02,7.746924e-03,1.412596e-01,1.739682e-01,1.092126e-05,1.584402e+02,6.077938e-01
1295,0.544172,1.591530e+02,7.634733e-03,1.412652e-01,1.738809e-01,1.092196e-05,1.582225e+02,6.077274e-01
1296,0.542895,1.589358e+02,7.821419e-03,1.412761e-01,1.738102e-01,1.092299e-05,1.580051e+02,6.076943e-01
1297,0.545716,1.587187e+02,7.971025e-03,1.412882e-01,1.737540e-01,1.092452e-05,1.577880e+02,6.076940e-01
1298,0.545692,1.585019e+02,7.963511e-03,1.413016e-01,1.737131e-01,1.092674e-05,1.575711e+02,6.077286e-01
1299,0.542971,1.582855e+02,8.105523e-03,1.413202e-01,1.736907e-01,1.092991e-05,1.573545e+02,6.078007e-01
1300,0.545428,1.580697e+02,8.375115e-03,1.413481e-01,1.736877e-01,1.093449e-05,1.571383e+02,6.079077e-01
1301,0.546355,1.578543e+02,8.505876e-03,1.413845e-01,1.736977e-01,1.094095e-05,1.569227e+02,6.080343e-01
1302,0.546765,1.576396e+02,8.533517e-03,1.414227e-01,1.737048e-01,1.094769e-05,1.567078e+02,6.081493e-01
1303,0.544168,1.574258e+02,8.631979e-03,1.414516e-01,1.736863e-01,1.095194e-05,1.564938e+02,6.082101e-01
1304,0.546379,1.572125e+02,8.747488e-03,1.414605e-01,1.736222e-01,1.095512e-05,1.562805e+02,6.081806e-01
1305,0.547098,1.569992e+02,8.599021e-03,1.414445e-01,1.735021e-01,1.095653e-05,1.560676e+02,6.080417e-01
1306,0.546476,1.567863e+02,8.648982e-03,1.414076e-01,1.733329e-01,1.095598e-05,1.558551e+02,6.078069e-01
1307,0.543251,1.565739e+02,8.932924e-03,1.413551e-01,1.731226e-01,1.095384e-05,1.556430e+02,6.074907e-01
1308,0.544344,1.563617e+02,8.962496e-03,1.412925e-01,1.728810e-01,1.095036e-05,1.554314e+02,6.071118e-01
1309,0.545787,1.561499e+02,8.858087e-03,1.412259e-01,1.726237e-01,1.094617e-05,1.552204e+02,6.067018e-01
1310,0.545110,1.559386e+02,8.769653e-03,1.411599e-01,1.723660e-01,1.094327e-05,1.550100e+02,6.062936e-01
1311,0.544176,1.557279e+02,8.757838e-03,1.410968e-01,1.721194e-01,1.094092e-05,1.548000e+02,6.059122e-01
1312,0.544441,1.555177e+02,8.756831e-03,1.410384e-01,1.718914e-01,1.093968e-05,1.545904e+02,6.055733e-01
1313,0.543671,1.553078e+02,8.768245e-03,1.409868e-01,1.716865e-01,1.093970e-05,1.543811e+02,6.052845e-01
1314,0.543260,1.550984e+02,8.836258e-03,1.409445e-01,1.715068e-01,1.094059e-05,1.541721e+02,6.050475e-01
1315,0.545630,1.548894e+02,8.914531e-03,1.409131e-01,1.713525e-01,1.094205e-05,1.539633e+02,6.048589e-01
1316,0.544422,1.546807e+02,8.949760e-03,1.408922e-01,1.712206e-01,1.094390e-05,1.537549e+02,6.047108e-01
1317,0.547784,1.544724e+02,8.979254e-03,1.408792e-01,1.711055e-01,1.094606e-05,1.535468e+02,6.045917e-01
1318,0.543571,1.542645e+02,9.044597e-03,1.408700e-01,1.709999e-01,1.094846e-05,1.533391e+02,6.044877e-01
1319,0.545452,1.540570e+02,9.118047e-03,1.408603e-01,1.708961e-01,1.095012e-05,1.531318e+02,6.043844e-01
1320,0.544088,1.538500e+02,9.181859e-03,1.408474e-01,1.707875e-01,1.095156e-05,1.529249e+02,6.042695e-01
1321,0.543504,1.536434e+02,9.260429e-03,1.408304e-01,1.706695e-01,1.095284e-05,1.527185e+02,6.041339e-01
1322,0.543385,1.534372e+02,9.343458e-03,1.408092e-01,1.705395e-01,1.095387e-05,1.525126e+02,6.039724e-01
1323,0.545655,1.532315e+02,9.389590e-03,1.407839e-01,1.703962e-01,1.095454e-05,1.523071e+02,6.037833e-01
1324,0.543421,1.530261e+02,9.399706e-03,1.407545e-01,1.702397e-01,1.095490e-05,1.521021e+02,6.035680e-01
1325,0.544843,1.528211e+02,9.409419e-03,1.407202e-01,1.700709e-01,1.095505e-05,1.518976e+02,6.033305e-01
1326,0.543310,1.526165e+02,9.430739e-03,1.406812e-01,1.698922e-01,1.095513e-05,1.516934e+02,6.030770e-01
1327,0.544864,1.524123e+02,9.456401e-03,1.406384e-01,1.697073e-01,1.095528e-05,1.514897e+02,6.028155e-01
1328,0.543168,1.522085e+02,9.491050e-03,1.405940e-01,1.695209e-01,1.095557e-05,1.512863e+02,6.025547e-01
1329,0.543947,1.520051e+02,9.533527e-03,1.405506e-01,1.693376e-01,1.095603e-05,1.510834e+02,6.023021e-01
1330,0.544031,1.518021e+02,9.564631e-03,1.405103e-01,1.691609e-01,1.095665e-05,1.508808e+02,6.020631e-01
1331,0.544208,1.515995e+02,9.577739e-03,1.404739e-01,1.689925e-01,1.095741e-05,1.506786e+02,6.018400e-01
1332,0.545261,1.513973e+02,9.589356e-03,1.404412e-01,1.688325e-01,1.095830e-05,1.504768e+02,6.016322e-01
1333,0.546257,1.511955e+02,9.610590e-03,1.404111e-01,1.686796e-01,1.095931e-05,1.502754e+02,6.014374e-01
1334,0.544110,1.509941e+02,9.636325e-03,1.403826e-01,1.685325e-01,1.096044e-05,1.500743e+02,6.012527e-01
1335,0.544804,1.507930e+02,9.662582e-03,1.403553e-01,1.683897e-01,1.096171e-05,1.498736e+02,6.010754e-01
1336,0.545830,1.505924e+02,9.686581e-03,1.403293e-01,1.682503e-01,1.096312e-05,1.496732e+02,6.009035e-01
1337,0.543898,1.503921e+02,9.693863e-03,1.403047e-01,1.681134e-01,1.096469e-05,1.494732e+02,6.007355e-01
1338,0.544432,1.501922e+02,9.663719e-03,1.402812e-01,1.679779e-01,1.096646e-05,1.492737e+02,6.005703e-01
1339,0.546686,1.499926e+02,9.560454e-03,1.402585e-01,1.678436e-01,1.096855e-05,1.490745e+02,6.004088e-01
1340,0.544335,1.497931e+02,9.224035e-03,1.402375e-01,1.677142e-01,1.097067e-05,1.488757e+02,6.002627e-01
1341,0.543974,1.495945e+02,9.284696e-03,1.402100e-01,1.675674e-01,1.097158e-05,1.486773e+02,6.000796e-01
1342,0.544078,1.493962e+02,9.330947e-03,1.401752e-01,1.674028e-01,1.097203e-05,1.484794e+02,5.998593e-01
1343,0.545677,1.491983e+02,9.369803e-03,1.401339e-01,1.672230e-01,1.097212e-05,1.482819e+02,5.996076e-01
1344,0.545943,1.490007e+02,9.404810e-03,1.400878e-01,1.670329e-01,1.097202e-05,1.480848e+02,5.993349e-01
1345,0.545029,1.488036e+02,9.440191e-03,1.400398e-01,1.668390e-01,1.097187e-05,1.478882e+02,5.990542e-01
1346,0.542953,1.486068e+02,9.476386e-03,1.399927e-01,1.666478e-01,1.097147e-05,1.476919e+02,5.987778e-01
1347,0.545209,1.484105e+02,9.510286e-03,1.399487e-01,1.664640e-01,1.097110e-05,1.474960e+02,5.985155e-01
1348,0.543718,1.482145e+02,9.545804e-03,1.399091e-01,1.662908e-01,1.097123e-05,1.473005e+02,5.982731e-01
1349,0.545661,1.480189e+02,9.586733e-03,1.398743e-01,1.661295e-01,1.097188e-05,1.471052e+02,5.980536e-01
1350,0.543686,1.478237e+02,9.638295e-03,1.398435e-01,1.659791e-01,1.097300e-05,1.469103e+02,5.978555e-01
1351,0.545526,1.476288e+02,9.699906e-03,1.398160e-01,1.658379e-01,1.097414e-05,1.467158e+02,5.976753e-01
1352,0.543540,1.474343e+02,9.768630e-03,1.397910e-01,1.657036e-01,1.097489e-05,1.465216e+02,5.975083e-01
1353,0.543887,1.472402e+02,9.839998e-03,1.397675e-01,1.655736e-01,1.097560e-05,1.463277e+02,5.973491e-01
1354,0.546160,1.470465e+02,9.907954e-03,1.397449e-01,1.654452e-01,1.097622e-05,1.461342e+02,5.971919e-01
1355,0.545633,1.468532e+02,9.968661e-03,1.397220e-01,1.653156e-01,1.097674e-05,1.459411e+02,5.970314e-01
1356,0.543246,1.466602e+02,1.002300e-02,1.396978e-01,1.651825e-01,1.097713e-05,1.457484e+02,5.968628e-01
1357,0.543034,1.464676e+02,1.007386e-02,1.396715e-01,1.650441e-01,1.097743e-05,1.455561e+02,5.966831e-01
1358,0.543504,1.462754e+02,1.012312e-02,1.396426e-01,1.648997e-01,1.097766e-05,1.453642e+02,5.964910e-01
1359,0.547339,1.460835e+02,1.017259e-02,1.396111e-01,1.647494e-01,1.097788e-05,1.451727e+02,5.962874e-01
1360,0.543578,1.458920e+02,1.022075e-02,1.395778e-01,1.645950e-01,1.097812e-05,1.449815e+02,5.960757e-01
1361,0.543295,1.457009e+02,1.026550e-02,1.395432e-01,1.644375e-01,1.097842e-05,1.447908e+02,5.958585e-01
1362,0.543253,1.455101e+02,1.030534e-02,1.395082e-01,1.642787e-01,1.097879e-05,1.446004e+02,5.956392e-01
1363,0.543342,1.453197e+02,1.034133e-02,1.394732e-01,1.641199e-01,1.097924e-05,1.444103e+02,5.954208e-01
1364,0.547844,1.451297e+02,1.037604e-02,1.394386e-01,1.639622e-01,1.097977e-05,1.442207e+02,5.952058e-01
1365,0.544663,1.449400e+02,1.041101e-02,1.394045e-01,1.638064e-01,1.098035e-05,1.440313e+02,5.949956e-01
1366,0.547396,1.447507e+02,1.044576e-02,1.393712e-01,1.636530e-01,1.098098e-05,1.438424e+02,5.947914e-01
1367,0.548005,1.445617e+02,1.047804e-02,1.393387e-01,1.635023e-01,1.098163e-05,1.436538e+02,5.945935e-01
1368,0.543270,1.443731e+02,1.050411e-02,1.393075e-01,1.633544e-01,1.098229e-05,1.434655e+02,5.944018e-01
1369,0.543366,1.441848e+02,1.051931e-02,1.392774e-01,1.632091e-01,1.098297e-05,1.432776e+02,5.942159e-01
1370,0.544966,1.439969e+02,1.051839e-02,1.392483e-01,1.630661e-01,1.098368e-05,1.430900e+02,5.940351e-01
1371,0.545347,1.438093e+02,1.049317e-02,1.392200e-01,1.629247e-01,1.098443e-05,1.429028e+02,5.938585e-01
1372,0.547789,1.436220e+02,1.042332e-02,1.391923e-01,1.627846e-01,1.098529e-05,1.427159e+02,5.936864e-01
1373,0.546163,1.434349e+02,1.022924e-02,1.391652e-01,1.626462e-01,1.098634e-05,1.425293e+02,5.935211e-01
1374,0.546254,1.432478e+02,9.623399e-03,1.391401e-01,1.625139e-01,1.098796e-05,1.423431e+02,5.933779e-01
1375,0.546374,1.430617e+02,9.692828e-03,1.391123e-01,1.623695e-01,1.098893e-05,1.421573e+02,5.932018e-01
1376,0.543319,1.428760e+02,9.705088e-03,1.390805e-01,1.622115e-01,1.098925e-05,1.419720e+02,5.929916e-01
1377,0.545429,1.426906e+02,9.754320e-03,1.390430e-01,1.620405e-01,1.098907e-05,1.417870e+02,5.927507e-01
1378,0.549441,1.425056e+02,9.809320e-03,1.389992e-01,1.618590e-01,1.098861e-05,1.416024e+02,5.924871e-01
1379,0.544549,1.423209e+02,9.849127e-03,1.389511e-01,1.616726e-01,1.098809e-05,1.414182e+02,5.922128e-01
1380,0.546447,1.421366e+02,9.925113e-03,1.389026e-01,1.614880e-01,1.098769e-05,1.412343e+02,5.919413e-01
1381,0.545573,1.419526e+02,1.002296e-02,1.388579e-01,1.613115e-01,1.098751e-05,1.410507e+02,5.916846e-01
1382,0.543868,1.417690e+02,1.007720e-02,1.388195e-01,1.611472e-01,1.098758e-05,1.408675e+02,5.914497e-01
1383,0.546569,1.415858e+02,1.009888e-02,1.387874e-01,1.609955e-01,1.098789e-05,1.406846e+02,5.912388e-01
1384,0.546353,1.414029e+02,1.014864e-02,1.387598e-01,1.608548e-01,1.098840e-05,1.405020e+02,5.910493e-01
1385,0.545793,1.412203e+02,1.023170e-02,1.387344e-01,1.607220e-01,1.098905e-05,1.403197e+02,5.908763e-01
1386,0.543523,1.410381e+02,1.032276e-02,1.387093e-01,1.605943e-01,1.098974e-05,1.401377e+02,5.907142e-01
1387,0.543974,1.408562e+02,1.042903e-02,1.386846e-01,1.604696e-01,1.099040e-05,1.399560e+02,5.905582e-01
1388,0.546647,1.406747e+02,1.054706e-02,1.386606e-01,1.603467e-01,1.099095e-05,1.397747e+02,5.904041e-01
1389,0.546873,1.404935e+02,1.063997e-02,1.386377e-01,1.602242e-01,1.099134e-05,1.395937e+02,5.902480e-01
1390,0.546110,1.403127e+02,1.069695e-02,1.386153e-01,1.601003e-01,1.099157e-05,1.394132e+02,5.900860e-01
1391,0.546711,1.401322e+02,1.074688e-02,1.385919e-01,1.599728e-01,1.099168e-05,1.392329e+02,5.899148e-01
1392,0.545674,1.399520e+02,1.080669e-02,1.385659e-01,1.598402e-01,1.099171e-05,1.390531e+02,5.897321e-01
1393,0.545878,1.397722e+02,1.087107e-02,1.385366e-01,1.597019e-01,1.099173e-05,1.388736e+02,5.895380e-01
1394,0.545989,1.395927e+02,1.094308e-02,1.385045e-01,1.595590e-01,1.099180e-05,1.386944e+02,5.893350e-01
1395,0.545548,1.394136e+02,1.102396e-02,1.384712e-01,1.594135e-01,1.099194e-05,1.385155e+02,5.891267e-01
1396,0.543550,1.392348e+02,1.109521e-02,1.384381e-01,1.592674e-01,1.099218e-05,1.383371e+02,5.889173e-01
1397,0.544903,1.390563e+02,1.114486e-02,1.384060e-01,1.591222e-01,1.099251e-05,1.381589e+02,5.887096e-01
1398,0.544175,1.388782e+02,1.118647e-02,1.383747e-01,1.589784e-01,1.099295e-05,1.379811e+02,5.885054e-01
1399,0.552942,1.387004e+02,1.123592e-02,1.383438e-01,1.588360e-01,1.099345e-05,1.378036e+02,5.883051e-01
1400,0.547944,1.385229e+02,1.129374e-02,1.383126e-01,1.586949e-01,1.099402e-05,1.376265e+02,5.881088e-01
1401,0.545865,1.383457e+02,1.135689e-02,1.382814e-01,1.585552e-01,1.099463e-05,1.374496e+02,5.879167e-01
1402,0.546039,1.381689e+02,1.142260e-02,1.382507e-01,1.584176e-01,1.099526e-05,1.372731e+02,5.877293e-01
1403,0.543371,1.379924e+02,1.147972e-02,1.382214e-01,1.582827e-01,1.099591e-05,1.370969e+02,5.875467e-01
1404,0.543925,1.378162e+02,1.151708e-02,1.381938e-01,1.581504e-01,1.099659e-05,1.369210e+02,5.873689e-01
1405,0.544282,1.376404e+02,1.153595e-02,1.381676e-01,1.580205e-01,1.099732e-05,1.367454e+02,5.871951e-01
1406,0.543905,1.374648e+02,1.154141e-02,1.381421e-01,1.578922e-01,1.099814e-05,1.365702e+02,5.870245e-01
1407,0.544245,1.372895e+02,1.152722e-02,1.381167e-01,1.577649e-01,1.099909e-05,1.363953e+02,5.868566e-01
1408,0.544904,1.371145e+02,1.147090e-02,1.380913e-01,1.576387e-01,1.100023e-05,1.362206e+02,5.866926e-01
1409,0.546328,1.369398e+02,1.130181e-02,1.380669e-01,1.575153e-01,1.100170e-05,1.360463e+02,5.865365e-01
1410,0.545903,1.367647e+02,1.052883e-02,1.380463e-01,1.574007e-01,1.100394e-05,1.358723e+02,5.864040e-01
1411,0.542357,1.365909e+02,1.063064e-02,1.380197e-01,1.572701e-01,1.100531e-05,1.356987e+02,5.862338e-01
1412,0.545516,1.364173e+02,1.069453e-02,1.379869e-01,1.571232e-01,1.100579e-05,1.355254e+02,5.860259e-01
1413,0.542337,1.362440e+02,1.074045e-02,1.379484e-01,1.569624e-01,1.100556e-05,1.353525e+02,5.857864e-01
1414,0.543577,1.360710e+02,1.077906e-02,1.379054e-01,1.567925e-01,1.100489e-05,1.351800e+02,5.855261e-01
1415,0.543115,1.358984e+02,1.081679e-02,1.378604e-01,1.566193e-01,1.100409e-05,1.350078e+02,5.852579e-01
1416,0.544784,1.357261e+02,1.086138e-02,1.378161e-01,1.564489e-01,1.100343e-05,1.348360e+02,5.849949e-01
1417,0.546303,1.355542e+02,1.091170e-02,1.377751e-01,1.562862e-01,1.100306e-05,1.346645e+02,5.847473e-01
1418,0.546586,1.353826e+02,1.095990e-02,1.377389e-01,1.561344e-01,1.100304e-05,1.344932e+02,5.845216e-01
1419,0.546368,1.352113e+02,1.100636e-02,1.377079e-01,1.559942e-01,1.100338e-05,1.343222e+02,5.843200e-01
1420,0.544396,1.350403e+02,1.105869e-02,1.376814e-01,1.558650e-01,1.100402e-05,1.341515e+02,5.841412e-01
1421,0.544935,1.348695e+02,1.111891e-02,1.376583e-01,1.557446e-01,1.100486e-05,1.339810e+02,5.839813e-01
1422,0.546496,1.346991e+02,1.118204e-02,1.376373e-01,1.556305e-01,1.100581e-05,1.338109e+02,5.838349e-01
1423,0.546466,1.345291e+02,1.124233e-02,1.376174e-01,1.555200e-01,1.100677e-05,1.336410e+02,5.836961e-01
1424,0.546369,1.343593e+02,1.129244e-02,1.375981e-01,1.554109e-01,1.100764e-05,1.334714e+02,5.835591e-01
1425,0.545981,1.341898e+02,1.132343e-02,1.375788e-01,1.553009e-01,1.100837e-05,1.333022e+02,5.834187e-01
1426,0.544887,1.340206e+02,1.133125e-02,1.375587e-01,1.551882e-01,1.100896e-05,1.331333e+02,5.832710e-01
1427,0.549378,1.338517e+02,1.131786e-02,1.375372e-01,1.550715e-01,1.100943e-05,1.329647e+02,5.831133e-01
1428,0.545746,1.336831e+02,1.128401e-02,1.375138e-01,1.549503e-01,1.100985e-05,1.327964e+02,5.829452e-01
1429,0.544389,1.335148e+02,1.122402e-02,1.374886e-01,1.548250e-01,1.101032e-05,1.326285e+02,5.827683e-01
1430,0.545978,1.333467e+02,1.112321e-02,1.374622e-01,1.546971e-01,1.101094e-05,1.324609e+02,5.825861e-01
1431,0.543647,1.331789e+02,1.094770e-02,1.374359e-01,1.545689e-01,1.101182e-05,1.322935e+02,5.824039e-01
1432,0.544320,1.330112e+02,1.060707e-02,1.374114e-01,1.544437e-01,1.101312e-05,1.321265e+02,5.822294e-01
1433,0.543857,1.328430e+02,9.469542e-03,1.373934e-01,1.543315e-01,1.101533e-05,1.319597e+02,5.820845e-01
1434,0.546336,1.326765e+02,9.176676e-03,1.374217e-01,1.543085e-01,1.102191e-05,1.317934e+02,5.821376e-01
1435,0.546350,1.325104e+02,9.102321e-03,1.374195e-01,1.542320e-01,1.102581e-05,1.316275e+02,5.820821e-01
1436,0.546115,1.323440e+02,8.916930e-03,1.373875e-01,1.541012e-01,1.102803e-05,1.314617e+02,5.819153e-01
1437,0.546062,1.321779e+02,9.164609e-03,1.373358e-01,1.539274e-01,1.102858e-05,1.312958e+02,5.816540e-01
1438,0.546018,1.320123e+02,9.672497e-03,1.372745e-01,1.537214e-01,1.102769e-05,1.311303e+02,5.813150e-01
1439,0.545048,1.318465e+02,9.493912e-03,1.372127e-01,1.535009e-01,1.102544e-05,1.309653e+02,5.809342e-01
1440,0.542979,1.316813e+02,9.199920e-03,1.371553e-01,1.532820e-01,1.102154e-05,1.308011e+02,5.805484e-01
1441,0.544244,1.315169e+02,9.240167e-03,1.371020e-01,1.530744e-01,1.101856e-05,1.306373e+02,5.801852e-01
1442,0.544442,1.313528e+02,9.307970e-03,1.370510e-01,1.528833e-01,1.101687e-05,1.304737e+02,5.798612e-01
1443,0.543722,1.311886e+02,9.216446e-03,1.370022e-01,1.527102e-01,1.101646e-05,1.303101e+02,5.795817e-01
1444,0.546019,1.310248e+02,9.311811e-03,1.369580e-01,1.525532e-01,1.101703e-05,1.301466e+02,5.793399e-01
1445,0.543202,1.308613e+02,9.524339e-03,1.369221e-01,1.524117e-01,1.101819e-05,1.299833e+02,5.791310e-01
1446,0.544460,1.306981e+02,9.518635e-03,1.368956e-01,1.522838e-01,1.101956e-05,1.298204e+02,5.789484e-01
1447,0.542306,1.305350e+02,9.381058e-03,1.368760e-01,1.521646e-01,1.102083e-05,1.296578e+02,5.787831e-01
1448,0.545141,1.303725e+02,9.388047e-03,1.368576e-01,1.520481e-01,1.102185e-05,1.294955e+02,5.786247e-01
1449,0.542986,1.302102e+02,9.446750e-03,1.368351e-01,1.519284e-01,1.102255e-05,1.293335e+02,5.784637e-01
1450,0.546771,1.300481e+02,9.400122e-03,1.368064e-01,1.518031e-01,1.102293e-05,1.291718e+02,5.782946e-01
1451,0.546850,1.298863e+02,9.396895e-03,1.367740e-01,1.516732e-01,1.102306e-05,1.290103e+02,5.781167e-01
1452,0.543209,1.297249e+02,9.478102e-03,1.367419e-01,1.515416e-01,1.102304e-05,1.288492e+02,5.779321e-01
1453,0.544837,1.295636e+02,9.466425e-03,1.367131e-01,1.514104e-01,1.102297e-05,1.286883e+02,5.777427e-01
1454,0.545428,1.294026e+02,9.343162e-03,1.366875e-01,1.512800e-01,1.102302e-05,1.285278e+02,5.775497e-01
1455,0.543258,1.292419e+02,9.238822e-03,1.366627e-01,1.511491e-01,1.102338e-05,1.283675e+02,5.773532e-01
1456,0.547011,1.290815e+02,9.122017e-03,1.366361e-01,1.510165e-01,1.102423e-05,1.282075e+02,5.771550e-01
1457,0.544347,1.289210e+02,8.798806e-03,1.366074e-01,1.508845e-01,1.102579e-05,1.280478e+02,5.769626e-01
1458,0.546829,1.287603e+02,7.910501e-03,1.365833e-01,1.507657e-01,1.102869e-05,1.278883e+02,5.768058e-01
1459,0.544040,1.286009e+02,8.025563e-03,1.365510e-01,1.506292e-01,1.103079e-05,1.277291e+02,5.766098e-01
1460,0.544641,1.284418e+02,8.119869e-03,1.365132e-01,1.504772e-01,1.103189e-05,1.275703e+02,5.763773e-01
1461,0.545817,1.282828e+02,8.132099e-03,1.364713e-01,1.503117e-01,1.103202e-05,1.274118e+02,5.761120e-01
1462,0.545115,1.281241e+02,8.112440e-03,1.364253e-01,1.501343e-01,1.103126e-05,1.272536e+02,5.758178e-01
1463,0.544177,1.279658e+02,8.245009e-03,1.363743e-01,1.499461e-01,1.102903e-05,1.270957e+02,5.754990e-01
1464,0.545175,1.278077e+02,8.253303e-03,1.363181e-01,1.497495e-01,1.102687e-05,1.269382e+02,5.751622e-01
1465,0.544426,1.276499e+02,8.253344e-03,1.362573e-01,1.495462e-01,1.102509e-05,1.267810e+02,5.748109e-01
1466,0.545172,1.274923e+02,8.273836e-03,1.361941e-01,1.493386e-01,1.102381e-05,1.266241e+02,5.744495e-01
1467,0.546684,1.273351e+02,8.290951e-03,1.361307e-01,1.491289e-01,1.102177e-05,1.264674e+02,5.740812e-01
1468,0.546094,1.271781e+02,8.266626e-03,1.360679e-01,1.489178e-01,1.101855e-05,1.263111e+02,5.737078e-01
1469,0.543217,1.270214e+02,8.222010e-03,1.360051e-01,1.487048e-01,1.101549e-05,1.261551e+02,5.733292e-01
1470,0.543659,1.268650e+02,8.192634e-03,1.359404e-01,1.484883e-01,1.101322e-05,1.259994e+02,5.729437e-01
1471,0.546513,1.267088e+02,8.174132e-03,1.358722e-01,1.482668e-01,1.101163e-05,1.258440e+02,5.725489e-01
1472,0.545423,1.265530e+02,8.154993e-03,1.358001e-01,1.480393e-01,1.101052e-05,1.256888e+02,5.721431e-01
1473,0.543984,1.263974e+02,8.147771e-03,1.357244e-01,1.478056e-01,1.100965e-05,1.255340e+02,5.717243e-01
1474,0.543750,1.262420e+02,8.139993e-03,1.356464e-01,1.475661e-01,1.100880e-05,1.253794e+02,5.712920e-01
1475,0.545642,1.260869e+02,8.104659e-03,1.355661e-01,1.473200e-01,1.100675e-05,1.252251e+02,5.708428e-01
1476,0.544062,1.259320e+02,8.046771e-03,1.354830e-01,1.470661e-01,1.100338e-05,1.250710e+02,5.703737e-01
1477,0.550371,1.257774e+02,7.990243e-03,1.353958e-01,1.468028e-01,1.099658e-05,1.249173e+02,5.698820e-01
1478,0.545893,1.256229e+02,7.938688e-03,1.353031e-01,1.465290e-01,1.098887e-05,1.247638e+02,5.693655e-01
1479,0.543667,1.254687e+02,7.891065e-03,1.352044e-01,1.462440e-01,1.097775e-05,1.246105e+02,5.688232e-01
1480,0.545725,1.253147e+02,7.848941e-03,1.351002e-01,1.459478e-01,1.097055e-05,1.244575e+02,5.682553e-01
1481,0.543369,1.251609e+02,7.812100e-03,1.349912e-01,1.456410e-01,1.096619e-05,1.243048e+02,5.676628e-01
1482,0.546709,1.250073e+02,7.758593e-03,1.348781e-01,1.453245e-01,1.096350e-05,1.241523e+02,5.670475e-01
1483,0.545914,1.248548e+02,8.612094e-03,1.347611e-01,1.449989e-01,1.096165e-05,1.240000e+02,5.664113e-01
1484,0.546093,1.247019e+02,8.680602e-03,1.346534e-01,1.446925e-01,1.095520e-05,1.238480e+02,5.658242e-01
1485,0.546362,1.245491e+02,8.624955e-03,1.345496e-01,1.443957e-01,1.094819e-05,1.236963e+02,5.652636e-01
1486,0.543069,1.243966e+02,8.449548e-03,1.344482e-01,1.441067e-01,1.093846e-05,1.235448e+02,5.647261e-01
1487,0.544582,1.242437e+02,7.606785e-03,1.343528e-01,1.438323e-01,1.092996e-05,1.233937e+02,5.642272e-01
1488,0.545344,1.240918e+02,7.669272e-03,1.342468e-01,1.435371e-01,1.092376e-05,1.232427e+02,5.636786e-01
1489,0.544306,1.239401e+02,8.193276e-03,1.341297e-01,1.432168e-01,1.091756e-05,1.230915e+02,5.630675e-01
1490,0.544154,1.237879e+02,7.628281e-03,1.340344e-01,1.429368e-01,1.091047e-05,1.229408e+02,5.625541e-01
1491,0.545258,1.236361e+02,7.580067e-03,1.339233e-01,1.426215e-01,1.090370e-05,1.227900e+02,5.619534e-01
1492,0.546086,1.234849e+02,8.124081e-03,1.337971e-01,1.422746e-01,1.089901e-05,1.226394e+02,5.612750e-01
1493,0.545770,1.233334e+02,7.590320e-03,1.336907e-01,1.419693e-01,1.089907e-05,1.224895e+02,5.606995e-01
1494,0.543475,1.231825e+02,7.553009e-03,1.335702e-01,1.416374e-01,1.089473e-05,1.223397e+02,5.600584e-01
1495,0.546263,1.230327e+02,8.348741e-03,1.334393e-01,1.412851e-01,1.088815e-05,1.221903e+02,5.593664e-01
1496,0.543466,1.228830e+02,8.441365e-03,1.333202e-01,1.409572e-01,1.088172e-05,1.220415e+02,5.587326e-01
1497,0.543495,1.227335e+02,8.342929e-03,1.332126e-01,1.406535e-01,1.087743e-05,1.218931e+02,5.581562e-01
1498,0.543824,1.225840e+02,7.707568e-03,1.331188e-01,1.403792e-01,1.087469e-05,1.217451e+02,5.576511e-01
1499,0.546305,1.224374e+02,7.953632e-03,1.331356e-01,1.403335e-01,1.088737e-05,1.215983e+02,5.577165e-01
1500,0.544629,1.222914e+02,8.292496e-03,1.331294e-01,1.402514e-01,1.089709e-05,1.214520e+02,5.576963e-01
1501,0.543953,1.221444e+02,8.308900e-03,1.331009e-01,1.401337e-01,1.090297e-05,1.213053e+02,5.575904e-01
1502,0.545645,1.219966e+02,8.508544e-03,1.330574e-01,1.399873e-01,1.090459e-05,1.211577e+02,5.574080e-01
1503,0.543811,1.218484e+02,8.757596e-03,1.330071e-01,1.398201e-01,1.090225e-05,1.210096e+02,5.571603e-01
1504,0.543545,1.217001e+02,8.689325e-03,1.329547e-01,1.396383e-01,1.089715e-05,1.208620e+02,5.568585e-01
1505,0.546332,1.215527e+02,8.665224e-03,1.329002e-01,1.394450e-01,1.089087e-05,1.207152e+02,5.565121e-01
1506,0.544162,1.214062e+02,8.585128e-03,1.328407e-01,1.392417e-01,1.088482e-05,1.205694e+02,5.561312e-01
1507,0.546880,1.212601e+02,8.536076e-03,1.327760e-01,1.390353e-01,1.087999e-05,1.204240e+02,5.557386e-01
1508,0.545464,1.211140e+02,8.446813e-03,1.327087e-01,1.388330e-01,1.087503e-05,1.202787e+02,5.553551e-01
1509,0.543232,1.209679e+02,8.500504e-03,1.326438e-01,1.386416e-01,1.087000e-05,1.201331e+02,5.549974e-01
1510,0.544182,1.208220e+02,8.651215e-03,1.325862e-01,1.384651e-01,1.086705e-05,1.199876e+02,5.546745e-01
1511,0.543187,1.206763e+02,8.651390e-03,1.325378e-01,1.383049e-01,1.086537e-05,1.198424e+02,5.543897e-01
1512,0.543289,1.205310e+02,8.550273e-03,1.324967e-01,1.381570e-01,1.086419e-05,1.196976e+02,5.541355e-01
1513,0.544466,1.203862e+02,8.533821e-03,1.324581e-01,1.380160e-01,1.086281e-05,1.195533e+02,5.539011e-01
1514,0.545237,1.202419e+02,8.574328e-03,1.324175e-01,1.378763e-01,1.086042e-05,1.194093e+02,5.536744e-01
1515,0.555378,1.200976e+02,8.568607e-03,1.323728e-01,1.377345e-01,1.085751e-05,1.192655e+02,5.534460e-01
1516,0.546433,1.199536e+02,8.584001e-03,1.323252e-01,1.375902e-01,1.085383e-05,1.191219e+02,5.532100e-01
1517,0.545960,1.198099e+02,8.649474e-03,1.322778e-01,1.374444e-01,1.084905e-05,1.189785e+02,5.529635e-01
1518,0.545767,1.196666e+02,8.854822e-03,1.322326e-01,1.372983e-01,1.084402e-05,1.188355e+02,5.527053e-01
1519,0.543415,1.195234e+02,8.769900e-03,1.321890e-01,1.371502e-01,1.083902e-05,1.186928e+02,5.524316e-01
1520,0.545638,1.193805e+02,8.696643e-03,1.321467e-01,1.370025e-01,1.083457e-05,1.185505e+02,5.521504e-01
1521,0.546370,1.192380e+02,8.667810e-03,1.321046e-01,1.368568e-01,1.083104e-05,1.184085e+02,5.518702e-01
1522,0.547135,1.190957e+02,8.654199e-03,1.320625e-01,1.367148e-01,1.082852e-05,1.182667e+02,5.515987e-01
1523,0.546452,1.189537e+02,8.674853e-03,1.320216e-01,1.365788e-01,1.082689e-05,1.181251e+02,5.513431e-01
1524,0.545829,1.188120e+02,8.737635e-03,1.319840e-01,1.364508e-01,1.082593e-05,1.179837e+02,5.511088e-01
1525,0.549402,1.186706e+02,8.783388e-03,1.319514e-01,1.363320e-01,1.082538e-05,1.178426e+02,5.508981e-01
1526,0.544619,1.185294e+02,8.783606e-03,1.319238e-01,1.362218e-01,1.082501e-05,1.177017e+02,5.507098e-01
1527,0.544473,1.183884e+02,8.781370e-03,1.318995e-01,1.361184e-01,1.082468e-05,1.175611e+02,5.505399e-01
1528,0.543883,1.182477e+02,8.806717e-03,1.318766e-01,1.360196e-01,1.082433e-05,1.174206e+02,5.503832e-01
1529,0.545400,1.181072e+02,8.845873e-03,1.318536e-01,1.359236e-01,1.082393e-05,1.172804e+02,5.502350e-01
1530,0.544661,1.179670e+02,8.896858e-03,1.318306e-01,1.358298e-01,1.082349e-05,1.171403e+02,5.500921e-01
1531,0.545857,1.178270e+02,8.962943e-03,1.318089e-01,1.357389e-01,1.082303e-05,1.170006e+02,5.499534e-01
1532,0.545669,1.176873e+02,9.018018e-03,1.317897e-01,1.356516e-01,1.082259e-05,1.168611e+02,5.498191e-01
1533,0.545519,1.175479e+02,9.044135e-03,1.317736e-01,1.355683e-01,1.082224e-05,1.167218e+02,5.496897e-01
1534,0.543280,1.174086e+02,9.062533e-03,1.317600e-01,1.354886e-01,1.082207e-05,1.165827e+02,5.495659e-01
1535,0.543798,1.172696e+02,9.095973e-03,1.317476e-01,1.354119e-01,1.082215e-05,1.164439e+02,5.494483e-01
1536,0.549800,1.171309e+02,9.142256e-03,1.317357e-01,1.353379e-01,1.082253e-05,1.163053e+02,5.493382e-01
1537,0.546133,1.169923e+02,9.197732e-03,1.317243e-01,1.352668e-01,1.082322e-05,1.161669e+02,5.492372e-01
1538,0.545408,1.168540e+02,9.261586e-03,1.317142e-01,1.351993e-01,1.082417e-05,1.160287e+02,5.491468e-01
1539,0.544093,1.167160e+02,9.318138e-03,1.317064e-01,1.351361e-01,1.082534e-05,1.158907e+02,5.490680e-01
1540,0.543059,1.165782e+02,9.351804e-03,1.317014e-01,1.350775e-01,1.082668e-05,1.157530e+02,5.490007e-01
1541,0.544592,1.164406e+02,9.367992e-03,1.316986e-01,1.350230e-01,1.082822e-05,1.156155e+02,5.489436e-01
1542,0.543077,1.163032e+02,9.378945e-03,1.316973e-01,1.349718e-01,1.083002e-05,1.154782e+02,5.488945e-01
1543,0.544218,1.161660e+02,9.385325e-03,1.316967e-01,1.349231e-01,1.083216e-05,1.153412e+02,5.488514e-01
1544,0.544517,1.160291e+02,9.381552e-03,1.316965e-01,1.348764e-01,1.083474e-05,1.152043e+02,5.488130e-01
1545,0.542149,1.158923e+02,9.358057e-03,1.316974e-01,1.348321e-01,1.083784e-05,1.150677e+02,5.487789e-01
1546,0.547269,1.157558e+02,9.292395e-03,1.317001e-01,1.347906e-01,1.084127e-05,1.149313e+02,5.487499e-01
1547,0.550297,1.156194e+02,9.150354e-03,1.317051e-01,1.347527e-01,1.084321e-05,1.147951e+02,5.487276e-01
1548,0.544887,1.154832e+02,8.883673e-03,1.317128e-01,1.347191e-01,1.084499e-05,1.146591e+02,5.487148e-01
1549,0.545205,1.153469e+02,8.333713e-03,1.317247e-01,1.346930e-01,1.084679e-05,1.145234e+02,5.487203e-01
1550,0.545110,1.152094e+02,6.393441e-03,1.317449e-01,1.346818e-01,1.084989e-05,1.143878e+02,5.487623e-01
1551,0.545204,1.150741e+02,6.450888e-03,1.317558e-01,1.346582e-01,1.085277e-05,1.142525e+02,5.487788e-01
1552,0.546006,1.149390e+02,6.543608e-03,1.317606e-01,1.346259e-01,1.085544e-05,1.141173e+02,5.487771e-01
1553,0.546686,1.148042e+02,6.701985e-03,1.317639e-01,1.345897e-01,1.085792e-05,1.139824e+02,5.487646e-01
1554,0.542668,1.146696e+02,6.782608e-03,1.317691e-01,1.345528e-01,1.086027e-05,1.138477e+02,5.487466e-01
1555,0.544349,1.145351e+02,6.762827e-03,1.317769e-01,1.345166e-01,1.086267e-05,1.137133e+02,5.487257e-01
1556,0.545635,1.144010e+02,6.765155e-03,1.317851e-01,1.344800e-01,1.086544e-05,1.135793e+02,5.487014e-01
1557,0.544643,1.142672e+02,6.818541e-03,1.317909e-01,1.344412e-01,1.086891e-05,1.134454e+02,5.486718e-01
1558,0.547227,1.141335e+02,6.870982e-03,1.317927e-01,1.343988e-01,1.087164e-05,1.133118e+02,5.486356e-01
1559,0.545045,1.140000e+02,6.954510e-03,1.317916e-01,1.343536e-01,1.087214e-05,1.131783e+02,5.485946e-01
1560,0.546430,1.138669e+02,7.072731e-03,1.317887e-01,1.343047e-01,1.087277e-05,1.130451e+02,5.485439e-01
1561,0.546184,1.137339e+02,7.139840e-03,1.317854e-01,1.342517e-01,1.087330e-05,1.129123e+02,5.484819e-01
1562,0.546102,1.136012e+02,7.137597e-03,1.317810e-01,1.341935e-01,1.087336e-05,1.127797e+02,5.484059e-01
1563,0.542978,1.134687e+02,7.135929e-03,1.317737e-01,1.341279e-01,1.087320e-05,1.126474e+02,5.483127e-01
1564,0.544188,1.133365e+02,7.162270e-03,1.317611e-01,1.340532e-01,1.087282e-05,1.125153e+02,5.481998e-01
1565,0.545906,1.132045e+02,7.190721e-03,1.317421e-01,1.339684e-01,1.087223e-05,1.123835e+02,5.480660e-01
1566,0.546649,1.130727e+02,7.228427e-03,1.317178e-01,1.338748e-01,1.087143e-05,1.122519e+02,5.479130e-01
1567,0.547619,1.129411e+02,7.279562e-03,1.316905e-01,1.337746e-01,1.087007e-05,1.121206e+02,5.477441e-01
1568,0.543790,1.128097e+02,7.304985e-03,1.316622e-01,1.336702e-01,1.086851e-05,1.119895e+02,5.475631e-01
1569,0.543121,1.126786e+02,7.290936e-03,1.316340e-01,1.335632e-01,1.086690e-05,1.118587e+02,5.473735e-01
1570,0.546307,1.125477e+02,7.273336e-03,1.316055e-01,1.334544e-01,1.086535e-05,1.117282e+02,5.471780e-01
1571,0.546034,1.124170e+02,7.274585e-03,1.315758e-01,1.333443e-01,1.086396e-05,1.115978e+02,5.469792e-01
1572,0.546359,1.122866e+02,7.288721e-03,1.315447e-01,1.332333e-01,1.086276e-05,1.114677e+02,5.467792e-01
1573,0.543834,1.122131e+02,6.400024e-02,1.315127e-01,1.331223e-01,1.086174e-05,1.113378e+02,5.465805e-01
1574,0.544414,1.121035e+02,8.754121e-03,1.319170e-01,1.339076e-01,1.091911e-05,1.112807e+02,5.482070e-01
1575,0.543989,1.120145e+02,8.039205e-03,1.322571e-01,1.345605e-01,1.096783e-05,1.111901e+02,5.495483e-01
1576,0.545793,1.119151e+02,9.283150e-03,1.325296e-01,1.350735e-01,1.099973e-05,1.110877e+02,5.505837e-01
1577,0.546274,1.117911e+02,1.001480e-02,1.327382e-01,1.354541e-01,1.102383e-05,1.109616e+02,5.513261e-01
1578,0.543861,1.116469e+02,9.859369e-03,1.328921e-01,1.357191e-01,1.102928e-05,1.108166e+02,5.518088e-01
1579,0.543569,1.114985e+02,9.802050e-03,1.329996e-01,1.358870e-01,1.102535e-05,1.106677e+02,5.520694e-01
1580,0.542491,1.113590e+02,9.814157e-03,1.330717e-01,1.359800e-01,1.101574e-05,1.105280e+02,5.521556e-01
1581,0.543532,1.112316e+02,9.838572e-03,1.331173e-01,1.360183e-01,1.100442e-05,1.104005e+02,5.521135e-01
1582,0.546234,1.111106e+02,9.834655e-03,1.331433e-01,1.360181e-01,1.099494e-05,1.102796e+02,5.519837e-01
1583,0.543378,1.109879e+02,9.826191e-03,1.331548e-01,1.359912e-01,1.098951e-05,1.101571e+02,5.518019e-01
1584,0.543369,1.108589e+02,9.838363e-03,1.331544e-01,1.359452e-01,1.098879e-05,1.100283e+02,5.515953e-01
1585,0.545487,1.107242e+02,9.901261e-03,1.331433e-01,1.358834e-01,1.099215e-05,1.098939e+02,5.513824e-01
1586,0.543990,1.105876e+02,9.824184e-03,1.331215e-01,1.358058e-01,1.099805e-05,1.097576e+02,5.511717e-01
1587,0.542059,1.104530e+02,9.495083e-03,1.330887e-01,1.357108e-01,1.100467e-05,1.096237e+02,5.509626e-01
1588,0.545320,1.103218e+02,8.429526e-03,1.330464e-01,1.355992e-01,1.101052e-05,1.094939e+02,5.507552e-01
1589,0.542394,1.101946e+02,7.173257e-03,1.330120e-01,1.354989e-01,1.101636e-05,1.093683e+02,5.506091e-01
1590,0.546318,1.100699e+02,7.275185e-03,1.329551e-01,1.353541e-01,1.101776e-05,1.092439e+02,5.503774e-01
1591,0.543050,1.099437e+02,7.220696e-03,1.328770e-01,1.351655e-01,1.101513e-05,1.091184e+02,5.500484e-01
1592,0.546959,1.098152e+02,7.052059e-03,1.327818e-01,1.349399e-01,1.100611e-05,1.089908e+02,5.496257e-01
1593,0.543797,1.096860e+02,7.819979e-03,1.326743e-01,1.346863e-01,1.099194e-05,1.088617e+02,5.491210e-01
1594,0.544808,1.095575e+02,8.519028e-03,1.326080e-01,1.344994e-01,1.098475e-05,1.087331e+02,5.487593e-01
1595,0.545795,1.094286e+02,8.718909e-03,1.325519e-01,1.343264e-01,1.098010e-05,1.086046e+02,5.484124e-01
1596,0.546850,1.093006e+02,8.732231e-03,1.325033e-01,1.341646e-01,1.097729e-05,1.084771e+02,5.480781e-01
1597,0.546764,1.091735e+02,8.464367e-03,1.324633e-01,1.340175e-01,1.097613e-05,1.083508e+02,5.477727e-01
1598,0.546990,1.090464e+02,6.987500e-03,1.324383e-01,1.338984e-01,1.097698e-05,1.082255e+02,5.475369e-01
1599,0.543291,1.089212e+02,7.097036e-03,1.324050e-01,1.337677e-01,1.097672e-05,1.081007e+02,5.472802e-01
1600,0.544694,1.087959e+02,7.164598e-03,1.323638e-01,1.336273e-01,1.097431e-05,1.079757e+02,5.470113e-01
1601,0.547038,1.086702e+02,7.186660e-03,1.323156e-01,1.334785e-01,1.097048e-05,1.078505e+02,5.467337e-01
1602,0.545554,1.085444e+02,7.162247e-03,1.322604e-01,1.333209e-01,1.096573e-05,1.077252e+02,5.464438e-01
1603,0.545223,1.084187e+02,7.100196e-03,1.321984e-01,1.331538e-01,1.096044e-05,1.076001e+02,5.461354e-01
1604,0.545330,1.082934e+02,7.003953e-03,1.321297e-01,1.329770e-01,1.095315e-05,1.074755e+02,5.458024e-01
1605,0.542468,1.081702e+02,8.561126e-03,1.320543e-01,1.327889e-01,1.094458e-05,1.073514e+02,5.454373e-01
1606,0.543236,1.080463e+02,8.796491e-03,1.319929e-01,1.326246e-01,1.093938e-05,1.072277e+02,5.451238e-01
1607,0.545643,1.079225e+02,8.818778e-03,1.319379e-01,1.324702e-01,1.093625e-05,1.071044e+02,5.448283e-01
1608,0.543621,1.077988e+02,8.742925e-03,1.318873e-01,1.323220e-01,1.093441e-05,1.069813e+02,5.445442e-01
1609,0.545778,1.076753e+02,8.566840e-03,1.318413e-01,1.321805e-01,1.093338e-05,1.068584e+02,5.442759e-01
1610,0.546191,1.075515e+02,8.065384e-03,1.318031e-01,1.320513e-01,1.093312e-05,1.067356e+02,5.440406e-01
1611,0.547068,1.074280e+02,7.083315e-03,1.317909e-01,1.319658e-01,1.093567e-05,1.066132e+02,5.439184e-01
1612,0.545735,1.073051e+02,7.160852e-03,1.317632e-01,1.318533e-01,1.093520e-05,1.064906e+02,5.437363e-01
1613,0.544543,1.071820e+02,7.149355e-03,1.317224e-01,1.317181e-01,1.093200e-05,1.063679e+02,5.435040e-01
1614,0.548236,1.070590e+02,7.069589e-03,1.316710e-01,1.315649e-01,1.092677e-05,1.062455e+02,5.432304e-01
1615,0.545681,1.069387e+02,9.109694e-03,1.316114e-01,1.313984e-01,1.092040e-05,1.061236e+02,5.429235e-01
1616,0.547116,1.068172e+02,9.546957e-03,1.315666e-01,1.312576e-01,1.091560e-05,1.060022e+02,5.426753e-01
1617,0.543491,1.066958e+02,9.924255e-03,1.315282e-01,1.311286e-01,1.091169e-05,1.058807e+02,5.424505e-01
1618,0.544077,1.065740e+02,9.916703e-03,1.314928e-01,1.310056e-01,1.090908e-05,1.057594e+02,5.422351e-01
1619,0.545159,1.064523e+02,9.769251e-03,1.314608e-01,1.308895e-01,1.090770e-05,1.056382e+02,5.420328e-01
1620,0.544477,1.063308e+02,9.332310e-03,1.314338e-01,1.307836e-01,1.090753e-05,1.055174e+02,5.418541e-01
1621,0.545135,1.062088e+02,7.828510e-03,1.314196e-01,1.307008e-01,1.090930e-05,1.053971e+02,5.417339e-01
1622,0.545658,1.060887e+02,7.914793e-03,1.313941e-01,1.305996e-01,1.090932e-05,1.052772e+02,5.415710e-01
1623,0.543608,1.059685e+02,7.954045e-03,1.313583e-01,1.304813e-01,1.090756e-05,1.051573e+02,5.413693e-01
1624,0.545953,1.058481e+02,7.942290e-03,1.313138e-01,1.303492e-01,1.090426e-05,1.050374e+02,5.411360e-01
1625,0.546049,1.057278e+02,7.885420e-03,1.312635e-01,1.302079e-01,1.089994e-05,1.049176e+02,5.408809e-01
1626,0.543749,1.056090e+02,9.021610e-03,1.312101e-01,1.300628e-01,1.089507e-05,1.047981e+02,5.406148e-01
1627,0.543590,1.054883e+02,7.862589e-03,1.311914e-01,1.299782e-01,1.089472e-05,1.046788e+02,5.404963e-01
1628,0.542560,1.053690e+02,7.898876e-03,1.311694e-01,1.298897e-01,1.089395e-05,1.045597e+02,5.403637e-01
1629,0.543283,1.052498e+02,7.914645e-03,1.311452e-01,1.297988e-01,1.089295e-05,1.044408e+02,5.402210e-01
1630,0.549532,1.051320e+02,9.013241e-03,1.311194e-01,1.297071e-01,1.089070e-05,1.043221e+02,5.400728e-01
1631,0.553224,1.050125e+02,8.100613e-03,1.311336e-01,1.296853e-01,1.089211e-05,1.042035e+02,5.400967e-01
1632,0.545677,1.048943e+02,8.253909e-03,1.311410e-01,1.296534e-01,1.089263e-05,1.040852e+02,5.400948e-01
1633,0.544462,1.047762e+02,8.365466e-03,1.311404e-01,1.296094e-01,1.089204e-05,1.039670e+02,5.400632e-01
1634,0.544703,1.046581e+02,8.430740e-03,1.311315e-01,1.295519e-01,1.089030e-05,1.038490e+02,5.399992e-01
1635,0.543593,1.045401e+02,8.452172e-03,1.311142e-01,1.294810e-01,1.088759e-05,1.037312e+02,5.399023e-01
1636,0.549609,1.044223e+02,8.435918e-03,1.310891e-01,1.293969e-01,1.088420e-05,1.036136e+02,5.397724e-01
1637,0.545262,1.043047e+02,8.392526e-03,1.310570e-01,1.293012e-01,1.088048e-05,1.034964e+02,5.396122e-01
1638,0.543945,1.041874e+02,8.333426e-03,1.310192e-01,1.291959e-01,1.087680e-05,1.033794e+02,5.394258e-01
1639,0.542688,1.040712e+02,9.185348e-03,1.309770e-01,1.290831e-01,1.087339e-05,1.032627e+02,5.392180e-01
1640,0.545765,1.039536e+02,8.475185e-03,1.309861e-01,1.290571e-01,1.087575e-05,1.031458e+02,5.392262e-01
1641,0.542740,1.038373e+02,8.643310e-03,1.309840e-01,1.290109e-01,1.087739e-05,1.030295e+02,5.391833e-01
1642,0.545960,1.037212e+02,8.752464e-03,1.309693e-01,1.289417e-01,1.087781e-05,1.029135e+02,5.390837e-01
1643,0.544114,1.036051e+02,8.792872e-03,1.309422e-01,1.288493e-01,1.087676e-05,1.027976e+02,5.389272e-01
1644,0.546684,1.034889e+02,8.768393e-03,1.309036e-01,1.287356e-01,1.087434e-05,1.026818e+02,5.387191e-01
1645,0.545386,1.033728e+02,8.694897e-03,1.308557e-01,1.286049e-01,1.087088e-05,1.025662e+02,5.384686e-01
1646,0.549646,1.032570e+02,8.594203e-03,1.308010e-01,1.284620e-01,1.086688e-05,1.024509e+02,5.381869e-01
1647,0.544674,1.031414e+02,8.486396e-03,1.307418e-01,1.283116e-01,1.086282e-05,1.023360e+02,5.378845e-01
1648,0.544818,1.030280e+02,1.020763e-02,1.306800e-01,1.281576e-01,1.085909e-05,1.022214e+02,5.375702e-01
1649,0.546723,1.029131e+02,1.036916e-02,1.306311e-01,1.280320e-01,1.085783e-05,1.021067e+02,5.373300e-01
1650,0.546083,1.027980e+02,1.021680e-02,1.306010e-01,1.279331e-01,1.085822e-05,1.019921e+02,5.371497e-01
1651,0.546648,1.026821e+02,8.753062e-03,1.306046e-01,1.278818e-01,1.086093e-05,1.018778e+02,5.370802e-01
1652,0.545890,1.025682e+02,8.863494e-03,1.306038e-01,1.278198e-01,1.086260e-05,1.017639e+02,5.369819e-01
1653,0.545942,1.024545e+02,9.091839e-03,1.305913e-01,1.277422e-01,1.086303e-05,1.016503e+02,5.368507e-01
1654,0.545840,1.023405e+02,9.078256e-03,1.305645e-01,1.276476e-01,1.086218e-05,1.015365e+02,5.366857e-01
1655,0.546107,1.022265e+02,9.110611e-03,1.305274e-01,1.275392e-01,1.086019e-05,1.014228e+02,5.364913e-01
1656,0.546028,1.021130e+02,9.504843e-03,1.304873e-01,1.274228e-01,1.085729e-05,1.013093e+02,5.362741e-01
1657,0.543874,1.019996e+02,9.454120e-03,1.304489e-01,1.273022e-01,1.085387e-05,1.011963e+02,5.360380e-01
1658,0.544861,1.018864e+02,9.215212e-03,1.304142e-01,1.271825e-01,1.085021e-05,1.010837e+02,5.357950e-01
1659,0.545688,1.017736e+02,9.091581e-03,1.303817e-01,1.270657e-01,1.084634e-05,1.009714e+02,5.355543e-01
1660,0.545043,1.016609e+02,9.077878e-03,1.303480e-01,1.269521e-01,1.084347e-05,1.008592e+02,5.353218e-01
1661,0.545017,1.015483e+02,9.044177e-03,1.303124e-01,1.268426e-01,1.084112e-05,1.007470e+02,5.351029e-01
1662,0.546240,1.014358e+02,9.107099e-03,1.302778e-01,1.267397e-01,1.083967e-05,1.006348e+02,5.349029e-01
1663,0.546455,1.013237e+02,9.248783e-03,1.302483e-01,1.266460e-01,1.083884e-05,1.005228e+02,5.347257e-01
1664,0.546697,1.012117e+02,9.280129e-03,1.302260e-01,1.265621e-01,1.083820e-05,1.004111e+02,5.345716e-01
1665,0.545652,1.010999e+02,9.221508e-03,1.302097e-01,1.264863e-01,1.083746e-05,1.002996e+02,5.344374e-01
1666,0.544108,1.009884e+02,9.223045e-03,1.301955e-01,1.264151e-01,1.083655e-05,1.001883e+02,5.343168e-01
1667,0.543606,1.008771e+02,9.265617e-03,1.301797e-01,1.263449e-01,1.083549e-05,1.000771e+02,5.342035e-01
1668,0.545772,1.007659e+02,9.294888e-03,1.301610e-01,1.262744e-01,1.083434e-05,9.996605e+01,5.340930e-01
1669,0.544143,1.006549e+02,9.370624e-03,1.301413e-01,1.262042e-01,1.083315e-05,9.985515e+01,5.339834e-01
1670,0.544526,1.005441e+02,9.465895e-03,1.301235e-01,1.261358e-01,1.083193e-05,9.974447e+01,5.338745e-01
1671,0.546035,1.004335e+02,9.484336e-03,1.301092e-01,1.260702e-01,1.083074e-05,9.963401e+01,5.337657e-01
1672,0.544805,1.003230e+02,9.454162e-03,1.300976e-01,1.260063e-01,1.082945e-05,9.952378e+01,5.336558e-01
1673,0.549320,1.002128e+02,9.464751e-03,1.300861e-01,1.259425e-01,1.082840e-05,9.941374e+01,5.335428e-01
1674,0.545023,1.001027e+02,9.515643e-03,1.300721e-01,1.258767e-01,1.082765e-05,9.930384e+01,5.334251e-01
1675,0.547248,9.999286e+01,9.585207e-03,1.300549e-01,1.258080e-01,1.082715e-05,9.919410e+01,5.333021e-01
1676,0.543035,9.988317e+01,9.687501e-03,1.300356e-01,1.257371e-01,1.082676e-05,9.908453e+01,5.331747e-01
1677,0.544819,9.977368e+01,9.787555e-03,1.300162e-01,1.256648e-01,1.082633e-05,9.897516e+01,5.330438e-01
1678,0.544051,9.966436e+01,9.833221e-03,1.299974e-01,1.255915e-01,1.082575e-05,9.886601e+01,5.329093e-01
1679,0.544904,9.955520e+01,9.844135e-03,1.299787e-01,1.255167e-01,1.082498e-05,9.875708e+01,5.327703e-01
1680,0.543728,9.944625e+01,9.864898e-03,1.299584e-01,1.254392e-01,1.082405e-05,9.864835e+01,5.326250e-01
1681,0.545872,9.933748e+01,9.897647e-03,1.299354e-01,1.253583e-01,1.082300e-05,9.853980e+01,5.324725e-01
1682,0.543412,9.922887e+01,9.939265e-03,1.299096e-01,1.252743e-01,1.082191e-05,9.843142e+01,5.323126e-01
1683,0.543492,9.912045e+01,9.994539e-03,1.298824e-01,1.251882e-01,1.082063e-05,9.832323e+01,5.321467e-01
1684,0.542845,9.901222e+01,1.003828e-02,1.298556e-01,1.251014e-01,1.081915e-05,9.821523e+01,5.319767e-01
1685,0.544389,9.890415e+01,1.004622e-02,1.298298e-01,1.250147e-01,1.081764e-05,9.810744e+01,5.318041e-01
1686,0.545352,9.879626e+01,1.004408e-02,1.298061e-01,1.249312e-01,1.081630e-05,9.799983e+01,5.316387e-01
1687,0.546262,9.868855e+01,1.005237e-02,1.297819e-01,1.248470e-01,1.081501e-05,9.789239e+01,5.314715e-01
1688,0.544255,9.858102e+01,1.007727e-02,1.297563e-01,1.247616e-01,1.081377e-05,9.778511e+01,5.313027e-01
1689,0.543187,9.847365e+01,1.011655e-02,1.297293e-01,1.246751e-01,1.081257e-05,9.767799e+01,5.311326e-01
1690,0.545467,9.836647e+01,1.016509e-02,1.297016e-01,1.245880e-01,1.081135e-05,9.757104e+01,5.309618e-01
1691,0.544244,9.825946e+01,1.020356e-02,1.296741e-01,1.245006e-01,1.081005e-05,9.746428e+01,5.307905e-01
1692,0.545975,9.815262e+01,1.021762e-02,1.296471e-01,1.244133e-01,1.080866e-05,9.735771e+01,5.306184e-01
1693,0.544049,9.804607e+01,1.034359e-02,1.296202e-01,1.243253e-01,1.080720e-05,9.725133e+01,5.304444e-01
1694,0.543074,9.793957e+01,1.035049e-02,1.295926e-01,1.242366e-01,1.080572e-05,9.714511e+01,5.302684e-01
1695,0.545183,9.783324e+01,1.036714e-02,1.295635e-01,1.241461e-01,1.080424e-05,9.703906e+01,5.300885e-01
1696,0.546190,9.772707e+01,1.039256e-02,1.295327e-01,1.240533e-01,1.080275e-05,9.693318e+01,5.299030e-01
1697,0.544121,9.762107e+01,1.041937e-02,1.295005e-01,1.239580e-01,1.080125e-05,9.682747e+01,5.297112e-01
1698,0.546188,9.751524e+01,1.043267e-02,1.294672e-01,1.238603e-01,1.079971e-05,9.672196e+01,5.295122e-01
1699,0.545715,9.740956e+01,1.042444e-02,1.294329e-01,1.237599e-01,1.079812e-05,9.661663e+01,5.293055e-01
1700,0.542445,9.730404e+01,1.040247e-02,1.293970e-01,1.236561e-01,1.079649e-05,9.651149e+01,5.290900e-01
1701,0.543494,9.719868e+01,1.037883e-02,1.293589e-01,1.235484e-01,1.079484e-05,9.640652e+01,5.288647e-01
1702,0.546401,9.709347e+01,1.035873e-02,1.293180e-01,1.234361e-01,1.079318e-05,9.630172e+01,5.286288e-01
1703,0.546358,9.698842e+01,1.034108e-02,1.292742e-01,1.233191e-01,1.079150e-05,9.619709e+01,5.283816e-01
1704,0.546362,9.688351e+01,1.031873e-02,1.292278e-01,1.231973e-01,1.078915e-05,9.609264e+01,5.281226e-01
1705,0.543855,9.677876e+01,1.028727e-02,1.291791e-01,1.230708e-01,1.078620e-05,9.598836e+01,5.278514e-01
1706,0.545674,9.667415e+01,1.023835e-02,1.291284e-01,1.229401e-01,1.078335e-05,9.588426e+01,5.275697e-01
1707,0.545888,9.656967e+01,1.017397e-02,1.290751e-01,1.228042e-01,1.078060e-05,9.578033e+01,5.272744e-01
1708,0.544133,9.646533e+01,1.010440e-02,1.290186e-01,1.226622e-01,1.077799e-05,9.567657e+01,5.269638e-01
1709,0.543984,9.636113e+01,1.003462e-02,1.289582e-01,1.225134e-01,1.077554e-05,9.557297e+01,5.266362e-01
1710,0.544422,9.625705e+01,9.965557e-03,1.288938e-01,1.223573e-01,1.077324e-05,9.546953e+01,5.262898e-01
1711,0.545415,9.615308e+01,9.888454e-03,1.288253e-01,1.221935e-01,1.077053e-05,9.536624e+01,5.259234e-01
1712,0.544541,9.604923e+01,9.797299e-03,1.287526e-01,1.220215e-01,1.076611e-05,9.526311e+01,5.255352e-01
1713,0.544457,9.594548e+01,9.695107e-03,1.286755e-01,1.218407e-01,1.076208e-05,9.516013e+01,5.251235e-01
1714,0.545796,9.584184e+01,9.602175e-03,1.285954e-01,1.216542e-01,1.075865e-05,9.505728e+01,5.246976e-01
1715,0.546225,9.573828e+01,9.486483e-03,1.285098e-01,1.214573e-01,1.075564e-05,9.495457e+01,5.242436e-01
1716,0.546420,9.563478e+01,9.359837e-03,1.284183e-01,1.212491e-01,1.075163e-05,9.485198e+01,5.237592e-01
1717,0.546257,9.553134e+01,9.227961e-03,1.283205e-01,1.210292e-01,1.074262e-05,9.474951e+01,5.232430e-01
1718,0.544187,9.542796e+01,9.086758e-03,1.282165e-01,1.207974e-01,1.073439e-05,9.464716e+01,5.226943e-01
1719,0.548983,9.532464e+01,8.936154e-03,1.281062e-01,1.205538e-01,1.072903e-05,9.454492e+01,5.221131e-01
1720,0.543143,9.522137e+01,8.781134e-03,1.279899e-01,1.202987e-01,1.072555e-05,9.444279e+01,5.215001e-01
1721,0.547720,9.511931e+01,9.758468e-03,1.278679e-01,1.200330e-01,1.072156e-05,9.434078e+01,5.208573e-01
1722,0.547448,9.501552e+01,8.668902e-03,1.277762e-01,1.198136e-01,1.071821e-05,9.423891e+01,5.203367e-01
1723,0.546536,9.491301e+01,8.733524e-03,1.276708e-01,1.195764e-01,1.070943e-05,9.413724e+01,5.197752e-01
1724,0.543926,9.481044e+01,8.715204e-03,1.275525e-01,1.193234e-01,1.069924e-05,9.403566e+01,5.191776e-01
1725,0.541689,9.470861e+01,9.397944e-03,1.274272e-01,1.190596e-01,1.069012e-05,9.393416e+01,5.185526e-01
1726,0.541756,9.460770e+01,9.187168e-03,1.273971e-01,1.189405e-01,1.069364e-05,9.383385e+01,5.183109e-01
1727,0.543148,9.450750e+01,9.792766e-03,1.273417e-01,1.187868e-01,1.069476e-05,9.373359e+01,5.179836e-01
1728,0.543018,9.440571e+01,9.618645e-03,1.272573e-01,1.185955e-01,1.069361e-05,9.363266e+01,5.175649e-01
1729,0.543511,9.430347e+01,9.661969e-03,1.271525e-01,1.183737e-01,1.069036e-05,9.353121e+01,5.170638e-01
1730,0.543715,9.420149e+01,9.973143e-03,1.270407e-01,1.181326e-01,1.068379e-05,9.342984e+01,5.164977e-01
1731,0.546237,9.409952e+01,9.677287e-03,1.269296e-01,1.178805e-01,1.067467e-05,9.332914e+01,5.158817e-01
1732,0.543419,9.399806e+01,8.971541e-03,1.268226e-01,1.176268e-01,1.066734e-05,9.322938e+01,5.152443e-01
1733,0.544083,9.389749e+01,8.613933e-03,1.267169e-01,1.173753e-01,1.065079e-05,9.313017e+01,5.146059e-01
1734,0.543707,9.379704e+01,8.486604e-03,1.266066e-01,1.171251e-01,1.063021e-05,9.303083e+01,5.139754e-01
1735,0.546867,9.369684e+01,9.074727e-03,1.264891e-01,1.168751e-01,1.061714e-05,9.293104e+01,5.133546e-01
1736,0.542668,9.359521e+01,8.445614e-03,1.264261e-01,1.167156e-01,1.061685e-05,9.283063e+01,5.129878e-01
1737,0.545404,9.349506e+01,8.561327e-03,1.263500e-01,1.165423e-01,1.061544e-05,9.273100e+01,5.125938e-01
1738,0.545457,9.339547e+01,8.725400e-03,1.262630e-01,1.163539e-01,1.061345e-05,9.263195e+01,5.121659e-01
1739,0.543973,9.329585e+01,8.842218e-03,1.261693e-01,1.161515e-01,1.060901e-05,9.253297e+01,5.117001e-01
1740,0.546605,9.319556e+01,8.683034e-03,1.260708e-01,1.159346e-01,1.059097e-05,9.243367e+01,5.111887e-01
1741,0.542938,9.309480e+01,8.362872e-03,1.259642e-01,1.156985e-01,1.057145e-05,9.233415e+01,5.106168e-01
1742,0.545792,9.299393e+01,8.074211e-03,1.258448e-01,1.154388e-01,1.055794e-05,9.223459e+01,5.099720e-01
1743,0.544304,9.289514e+01,9.845611e-03,1.257085e-01,1.151524e-01,1.054262e-05,9.213517e+01,5.092455e-01
1744,0.545256,9.279512e+01,1.018371e-02,1.255690e-01,1.148612e-01,1.052943e-05,9.203600e+01,5.084978e-01
1745,0.550094,9.269538e+01,1.070938e-02,1.254231e-01,1.145613e-01,1.052035e-05,9.193696e+01,5.077184e-01
1746,0.552728,9.259552e+01,1.092978e-02,1.252765e-01,1.142615e-01,1.051336e-05,9.183811e+01,5.069346e-01
1747,0.547881,9.249580e+01,1.102113e-02,1.251305e-01,1.139615e-01,1.050426e-05,9.173953e+01,5.061453e-01
1748,0.546044,9.240059e+01,8.995948e-03,1.253432e-01,1.141477e-01,1.052077e-05,9.164553e+01,5.065641e-01
1749,0.545816,9.231321e+01,1.136372e-02,1.255065e-01,1.142703e-01,1.052879e-05,9.155521e+01,5.068473e-01
1750,0.546060,9.222573e+01,1.526432e-02,1.256081e-01,1.143108e-01,1.053145e-05,9.146359e+01,5.069482e-01
1751,0.546324,9.213147e+01,1.750544e-02,1.256388e-01,1.142567e-01,1.052833e-05,9.136723e+01,5.068290e-01
1752,0.545721,9.203089e+01,1.771919e-02,1.256039e-01,1.141153e-01,1.052092e-05,9.126695e+01,5.064980e-01
1753,0.545534,9.192895e+01,1.699898e-02,1.255131e-01,1.139003e-01,1.051025e-05,9.116655e+01,5.059752e-01
1754,0.546116,9.182769e+01,1.458887e-02,1.253779e-01,1.136287e-01,1.049682e-05,9.106880e+01,5.052912e-01
1755,0.546083,9.172825e+01,1.215019e-02,1.252128e-01,1.133197e-01,1.048666e-05,9.097307e+01,5.044826e-01
1756,0.546639,9.162880e+01,1.045945e-02,1.250327e-01,1.129934e-01,1.045556e-05,9.087670e+01,5.035970e-01
1757,0.546667,9.152792e+01,9.424543e-03,1.248470e-01,1.126620e-01,1.043461e-05,9.077831e+01,5.026685e-01
1758,0.543038,9.142829e+01,1.052964e-02,1.246617e-01,1.123345e-01,1.041824e-05,9.067902e+01,5.017316e-01
1759,0.543729,9.132851e+01,1.078347e-02,1.244944e-01,1.120368e-01,1.041065e-05,9.058031e+01,5.008745e-01
1760,0.542705,9.123053e+01,1.074837e-02,1.243353e-01,1.117532e-01,1.041039e-05,9.048362e+01,5.000665e-01
1761,0.543810,9.113409e+01,1.066027e-02,1.241786e-01,1.114737e-01,1.040356e-05,9.038847e+01,4.992883e-01
1762,0.545287,9.103780e+01,1.054868e-02,1.240200e-01,1.111911e-01,1.039160e-05,9.029351e+01,4.985240e-01
1763,0.545993,9.094073e+01,1.042127e-02,1.238567e-01,1.109009e-01,1.037525e-05,9.019779e+01,4.977598e-01
1764,0.546554,9.084285e+01,1.023931e-02,1.236880e-01,1.106020e-01,1.034961e-05,9.010132e+01,4.969868e-01
1765,0.543898,9.074562e+01,1.056411e-02,1.235154e-01,1.102976e-01,1.032995e-05,9.000503e+01,4.962057e-01
1766,0.543631,9.064870e+01,1.061621e-02,1.233479e-01,1.100018e-01,1.031917e-05,8.990928e+01,4.954474e-01
1767,0.545513,9.055264e+01,1.108004e-02,1.231785e-01,1.097104e-01,1.030980e-05,8.981396e+01,4.946996e-01
1768,0.544580,9.045756e+01,1.200479e-02,1.230252e-01,1.094339e-01,1.029129e-05,8.971911e+01,4.939688e-01
1769,0.549312,9.036146e+01,1.164064e-02,1.228934e-01,1.091767e-01,1.027386e-05,8.962447e+01,4.932626e-01
1770,0.546134,9.026455e+01,1.032195e-02,1.227797e-01,1.089360e-01,1.026093e-05,8.952993e+01,4.925791e-01
1771,0.546205,9.016873e+01,1.000089e-02,1.226728e-01,1.087033e-01,1.024572e-05,8.943544e+01,4.919091e-01
1772,0.545599,9.007318e+01,1.003019e-02,1.225570e-01,1.084687e-01,1.023838e-05,8.934087e+01,4.912474e-01
1773,0.544259,8.997772e+01,9.985644e-03,1.224362e-01,1.082325e-01,1.022883e-05,8.924646e+01,4.905912e-01
1774,0.543831,8.988243e+01,9.883778e-03,1.223095e-01,1.079924e-01,1.022390e-05,8.915230e+01,4.899337e-01
1775,0.545985,8.978731e+01,9.788230e-03,1.221767e-01,1.077467e-01,1.021706e-05,8.905832e+01,4.892669e-01
1776,0.544170,8.970752e+01,2.476739e-02,1.220376e-01,1.074940e-01,1.020878e-05,8.896463e+01,4.885824e-01
1777,0.544426,8.960203e+01,9.599145e-03,1.218434e-01,1.071307e-01,1.019043e-05,8.887603e+01,4.874144e-01
1778,0.543683,8.951367e+01,1.100019e-02,1.216559e-01,1.067882e-01,1.017685e-05,8.878787e+01,4.863433e-01
1779,0.543965,8.942173e+01,1.173952e-02,1.214860e-01,1.064870e-01,1.016732e-05,8.869655e+01,4.854511e-01
1780,0.543869,8.932731e+01,1.187907e-02,1.213245e-01,1.062081e-01,1.015609e-05,8.860323e+01,4.846592e-01
1781,0.545180,8.923195e+01,1.196987e-02,1.211674e-01,1.059425e-01,1.014451e-05,8.850893e+01,4.839304e-01
1782,0.542469,8.913777e+01,1.378812e-02,1.210112e-01,1.056860e-01,1.013877e-05,8.841402e+01,4.832519e-01
1783,0.549138,8.906106e+01,3.285265e-02,1.208775e-01,1.054525e-01,1.013494e-05,8.831922e+01,4.826467e-01
1784,0.543643,8.893929e+01,2.183721e-02,1.206235e-01,1.050912e-01,1.011973e-05,8.820998e+01,4.817529e-01
1785,0.547305,8.881946e+01,1.992478e-02,1.203587e-01,1.047254e-01,1.010730e-05,8.809355e+01,4.808902e-01
1786,0.542914,8.870296e+01,2.296281e-02,1.200081e-01,1.042238e-01,1.007762e-05,8.797610e+01,4.796519e-01
1787,0.543643,8.860735e+01,1.899482e-02,1.196325e-01,1.036598e-01,1.003321e-05,8.788704e+01,4.780173e-01
1788,0.542500,8.850787e+01,1.059598e-02,1.192462e-01,1.030631e-01,9.992505e-06,8.779884e+01,4.761107e-01
1789,0.544937,8.841567e+01,1.138469e-02,1.188994e-01,1.025355e-01,9.962504e-06,8.770842e+01,4.744256e-01
1790,0.546004,8.832090e+01,1.188507e-02,1.185921e-01,1.020804e-01,9.939554e-06,8.761531e+01,4.730189e-01
1791,0.546058,8.822297e+01,1.373609e-02,1.183013e-01,1.016596e-01,9.928000e-06,8.751750e+01,4.717639e-01
1792,0.543644,8.812865e+01,1.158843e-02,1.182151e-01,1.015156e-01,9.943864e-06,8.742588e+01,4.714376e-01
1793,0.545127,8.803767e+01,1.026597e-02,1.180682e-01,1.013069e-01,9.955758e-06,8.733704e+01,4.709860e-01
1794,0.543896,8.794491e+01,1.126973e-02,1.179186e-01,1.010876e-01,9.962866e-06,8.724407e+01,4.705503e-01
1795,0.544364,8.784805e+01,1.500135e-02,1.177584e-01,1.008443e-01,9.963266e-06,8.714438e+01,4.700505e-01
1796,0.545275,8.774706e+01,1.702883e-02,1.175631e-01,1.005382e-01,9.953439e-06,8.704264e+01,4.692797e-01
1797,0.545447,8.764465e+01,1.404662e-02,1.173320e-01,1.001685e-01,9.926158e-06,8.694490e+01,4.681897e-01
1798,0.544578,8.754657e+01,1.198352e-02,1.170884e-01,9.977938e-02,9.893562e-06,8.685074e+01,4.669714e-01
1799,0.545970,8.745571e+01,1.346287e-02,1.168381e-01,9.938509e-02,9.859139e-06,8.676031e+01,4.657017e-01
1800,0.545972,8.736421e+01,1.319008e-02,1.165981e-01,9.901362e-02,9.827454e-06,8.667090e+01,4.644922e-01
1801,0.546059,8.727037e+01,1.266903e-02,1.163729e-01,9.867340e-02,9.805039e-06,8.657926e+01,4.633858e-01
1802,0.542733,8.717440e+01,1.216449e-02,1.161655e-01,9.836954e-02,9.795977e-06,8.648528e+01,4.624160e-01
1803,0.543100,8.707781e+01,1.189059e-02,1.159820e-01,9.811011e-02,9.788308e-06,8.639019e+01,4.616277e-01
1804,0.546945,8.698332e+01,1.319785e-02,1.158203e-01,9.788865e-02,9.779811e-06,8.629541e+01,4.610015e-01
1805,0.547344,8.689424e+01,1.779585e-02,1.156678e-01,9.768051e-02,9.772520e-06,8.620267e+01,4.604175e-01
1806,0.543406,8.680267e+01,1.755144e-02,1.155070e-01,9.745271e-02,9.753157e-06,8.611244e+01,4.597003e-01
1807,0.544772,8.671039e+01,1.500994e-02,1.153376e-01,9.720585e-02,9.739426e-06,8.602396e+01,4.588639e-01
1808,0.546605,8.662067e+01,1.462439e-02,1.151737e-01,9.696520e-02,9.719608e-06,8.593584e+01,4.580534e-01
1809,0.545370,8.653094e+01,1.490043e-02,1.150217e-01,9.674192e-02,9.704243e-06,8.584694e+01,4.573273e-01
1810,0.546414,8.644001e+01,1.491952e-02,1.148821e-01,9.653686e-02,9.694920e-06,8.575698e+01,4.566857e-01
1811,0.542488,8.634723e+01,1.378329e-02,1.147528e-01,9.634787e-02,9.684655e-06,8.566622e+01,4.561191e-01
1812,0.546684,8.625154e+01,9.619017e-03,1.146268e-01,9.616725e-02,9.676769e-06,8.557551e+01,4.556102e-01
1813,0.546169,8.617344e+01,2.134477e-02,1.144929e-01,9.598023e-02,9.669857e-06,8.548651e+01,4.551005e-01
1814,0.545929,8.607559e+01,1.248890e-02,1.144693e-01,9.589479e-02,9.652844e-06,8.539816e+01,4.545757e-01
1815,0.546724,8.599107e+01,1.530740e-02,1.144302e-01,9.580064e-02,9.645039e-06,8.531141e+01,4.541114e-01
1816,0.542834,8.590328e+01,1.501894e-02,1.143882e-01,9.571024e-02,9.639841e-06,8.522444e+01,4.537183e-01
1817,0.543515,8.581465e+01,1.435359e-02,1.143431e-01,9.562139e-02,9.636816e-06,8.513695e+01,4.533741e-01
1818,0.543392,8.572564e+01,1.384868e-02,1.142929e-01,9.553073e-02,9.634297e-06,8.504890e+01,4.530596e-01
1819,0.543990,8.563637e+01,1.352650e-02,1.142375e-01,9.543698e-02,9.630650e-06,8.496040e+01,4.527636e-01
1820,0.544353,8.554705e+01,1.337976e-02,1.141774e-01,9.534001e-02,9.624277e-06,8.487166e+01,4.524776e-01
1821,0.542715,8.545782e+01,1.340909e-02,1.141146e-01,9.524132e-02,9.618622e-06,8.478285e+01,4.521994e-01
1822,0.546163,8.536856e+01,1.349531e-02,1.140506e-01,9.514254e-02,9.613957e-06,8.469393e+01,4.519309e-01
1823,0.543225,8.527910e+01,1.356902e-02,1.139875e-01,9.504571e-02,9.610216e-06,8.460481e+01,4.516779e-01
1824,0.543533,8.518912e+01,1.353507e-02,1.139270e-01,9.495313e-02,9.607346e-06,8.451524e+01,4.514515e-01
1825,0.546077,8.509909e+01,1.388885e-02,1.138705e-01,9.486642e-02,9.605249e-06,8.442519e+01,4.512602e-01
1826,0.543966,8.501001e+01,1.370056e-02,1.137178e-01,9.463931e-02,9.586173e-06,8.433751e+01,4.504337e-01
1827,0.545249,8.492200e+01,1.413224e-02,1.135676e-01,9.441970e-02,9.568846e-06,8.425022e+01,4.496533e-01
1828,0.544358,8.483176e+01,1.167694e-02,1.134194e-01,9.420790e-02,9.547453e-06,8.416351e+01,4.489313e-01
1829,0.545510,8.474893e+01,1.563280e-02,1.132638e-01,9.399021e-02,9.530624e-06,8.407785e+01,4.481859e-01
1830,0.545836,8.465823e+01,1.089166e-02,1.131749e-01,9.383669e-02,9.521402e-06,8.399285e+01,4.474617e-01
1831,0.543300,8.457490e+01,1.323978e-02,1.130805e-01,9.368842e-02,9.516501e-06,8.390802e+01,4.468562e-01
1832,0.545179,8.448711e+01,1.226641e-02,1.129814e-01,9.354549e-02,9.513928e-06,8.382194e+01,4.463685e-01
1833,0.542788,8.439624e+01,9.207717e-03,1.128762e-01,9.340453e-02,9.511600e-06,8.373476e+01,4.459774e-01
1834,0.546794,8.431731e+01,1.800848e-02,1.127906e-01,9.328816e-02,9.509744e-06,8.364753e+01,4.456854e-01
1835,0.544594,8.422759e+01,1.351124e-02,1.128196e-01,9.328365e-02,9.511760e-06,8.356243e+01,4.455357e-01
1836,0.544519,8.414507e+01,1.585594e-02,1.128321e-01,9.326636e-02,9.511640e-06,8.347768e+01,4.454288e-01
1837,0.545890,8.405906e+01,1.536591e-02,1.128439e-01,9.325150e-02,9.511491e-06,8.339221e+01,4.453806e-01
1838,0.544237,8.397177e+01,1.429967e-02,1.128608e-01,9.324463e-02,9.511491e-06,8.330595e+01,4.453967e-01
1839,0.544802,8.388309e+01,1.246229e-02,1.128886e-01,9.325174e-02,9.511172e-06,8.321899e+01,4.454932e-01
1840,0.545214,8.379694e+01,1.346124e-02,1.129141e-01,9.325747e-02,9.510438e-06,8.313169e+01,4.455998e-01
1841,0.546586,8.371308e+01,1.595786e-02,1.129287e-01,9.324822e-02,9.509243e-06,8.304531e+01,4.456217e-01
1842,0.542809,8.362703e+01,1.478452e-02,1.129209e-01,9.320668e-02,9.507385e-06,8.296066e+01,4.454419e-01
1843,0.542857,8.354053e+01,1.190159e-02,1.128954e-01,9.314125e-02,9.505397e-06,8.287747e+01,4.451164e-01
1844,0.543585,8.345600e+01,1.087471e-02,1.128651e-01,9.307316e-02,9.503929e-06,8.279439e+01,4.447904e-01
1845,0.544645,8.337145e+01,1.066650e-02,1.128350e-01,9.301139e-02,9.500829e-06,8.271040e+01,4.445291e-01
1846,0.546070,8.328608e+01,1.063467e-02,1.128055e-01,9.295642e-02,9.499655e-06,8.262533e+01,4.443392e-01
1847,0.545709,8.320035e+01,1.098093e-02,1.127754e-01,9.290569e-02,9.499145e-06,8.253948e+01,4.442034e-01
1848,0.545563,8.311562e+01,1.235108e-02,1.127413e-01,9.285258e-02,9.498355e-06,8.245359e+01,4.440736e-01
1849,0.546218,8.303173e+01,1.368836e-02,1.126960e-01,9.278436e-02,9.495415e-06,8.236870e+01,4.438595e-01
1850,0.544367,8.294678e+01,1.275196e-02,1.126349e-01,9.269326e-02,9.488172e-06,8.228519e+01,4.435036e-01
1851,0.542943,8.286216e+01,1.133424e-02,1.125644e-01,9.258864e-02,9.480725e-06,8.220260e+01,4.430643e-01
1852,0.543761,8.277843e+01,1.080573e-02,1.124934e-01,9.248391e-02,9.473347e-06,8.212000e+01,4.426314e-01
1853,0.545296,8.269468e+01,1.076119e-02,1.124263e-01,9.238564e-02,9.461828e-06,8.203685e+01,4.422488e-01
1854,0.545992,8.261058e+01,1.093543e-02,1.123645e-01,9.229568e-02,9.455133e-06,8.195305e+01,4.419268e-01
1855,0.545966,8.252651e+01,1.148228e-02,1.123075e-01,9.221278e-02,9.449776e-06,8.186885e+01,4.416531e-01
1856,0.544771,8.244303e+01,1.247016e-02,1.122524e-01,9.213210e-02,9.444019e-06,8.178477e+01,4.413905e-01
1857,0.543360,8.236051e+01,1.381571e-02,1.121944e-01,9.204635e-02,9.437722e-06,8.170135e+01,4.410865e-01
1858,0.545953,8.227754e+01,1.401220e-02,1.121253e-01,9.194591e-02,9.429066e-06,8.161875e+01,4.406966e-01
1859,0.548302,8.219381e+01,1.296702e-02,1.120652e-01,9.185434e-02,9.417917e-06,8.153659e+01,4.403293e-01
1860,0.545131,8.210974e+01,1.142740e-02,1.120194e-01,9.177920e-02,9.412839e-06,8.145447e+01,4.400373e-01
1861,0.548749,8.202671e+01,1.122801e-02,1.119692e-01,9.170095e-02,9.409548e-06,8.137205e+01,4.397577e-01
1862,0.552487,8.194357e+01,1.138143e-02,1.119192e-01,9.162516e-02,9.406920e-06,8.128912e+01,4.395158e-01
1863,0.546263,8.186062e+01,1.190549e-02,1.118666e-01,9.154720e-02,9.404363e-06,8.120601e+01,4.392769e-01
1864,0.545929,8.177800e+01,1.248877e-02,1.118090e-01,9.146298e-02,9.400531e-06,8.112322e+01,4.390031e-01
1865,0.546264,8.169552e+01,1.260027e-02,1.117447e-01,9.136954e-02,9.394538e-06,8.104113e+01,4.386645e-01
1866,0.542905,8.161274e+01,1.196666e-02,1.116736e-01,9.126742e-02,9.383069e-06,8.095956e+01,4.382651e-01
1867,0.546888,8.153122e+01,1.256390e-02,1.115963e-01,9.115898e-02,9.371921e-06,8.087806e+01,4.378316e-01
1868,0.547314,8.144891e+01,1.251064e-02,1.115306e-01,9.106426e-02,9.366982e-06,8.079634e+01,4.374584e-01
1869,0.547795,8.136624e+01,1.211671e-02,1.114761e-01,9.098309e-02,9.365453e-06,8.071450e+01,4.371520e-01
1870,0.544179,8.128369e+01,1.154125e-02,1.114485e-01,9.093140e-02,9.367229e-06,8.063279e+01,4.369734e-01
1871,0.543805,8.120236e+01,1.201199e-02,1.114155e-01,9.087367e-02,9.367917e-06,8.055127e+01,4.367757e-01
1872,0.545982,8.112083e+01,1.211905e-02,1.113753e-01,9.080665e-02,9.366802e-06,8.046999e+01,4.365330e-01
1873,0.544055,8.103903e+01,1.178667e-02,1.113267e-01,9.072866e-02,9.361895e-06,8.038895e+01,4.362312e-01
1874,0.546374,8.095721e+01,1.130833e-02,1.112715e-01,9.064218e-02,9.354468e-06,8.030809e+01,4.358849e-01
1875,0.542800,8.087560e+01,1.101309e-02,1.112119e-01,9.055082e-02,9.344571e-06,8.022730e+01,4.355177e-01
1876,0.543824,8.079416e+01,1.094444e-02,1.111499e-01,9.045781e-02,9.336414e-06,8.014645e+01,4.351486e-01
1877,0.543393,8.071274e+01,1.108375e-02,1.110867e-01,9.036505e-02,9.323431e-06,8.006541e+01,4.347862e-01
1878,0.543268,8.063121e+01,1.136723e-02,1.110191e-01,9.026926e-02,9.309807e-06,7.998413e+01,4.344147e-01
1879,0.545283,8.055016e+01,1.224156e-02,1.109441e-01,9.016703e-02,9.299696e-06,7.990278e+01,4.340149e-01
1880,0.547086,8.046864e+01,1.193156e-02,1.109172e-01,9.011446e-02,9.300024e-06,7.982186e+01,4.338050e-01
1881,0.543214,8.038795e+01,1.190811e-02,1.108730e-01,9.004349e-02,9.294945e-06,7.974160e+01,4.335128e-01
1882,0.545131,8.030716e+01,1.160052e-02,1.108127e-01,8.995507e-02,9.286750e-06,7.966163e+01,4.331487e-01
1883,0.544090,8.022622e+01,1.141990e-02,1.107384e-01,8.985197e-02,9.278194e-06,7.958147e+01,4.327351e-01
1884,0.546661,8.014496e+01,1.134404e-02,1.106526e-01,8.973742e-02,9.271738e-06,7.950092e+01,4.322926e-01
1885,0.545847,8.006387e+01,1.166848e-02,1.105584e-01,8.961504e-02,9.262720e-06,7.942018e+01,4.318350e-01
1886,0.544821,7.998411e+01,1.299299e-02,1.104616e-01,8.949115e-02,9.247601e-06,7.933978e+01,4.313797e-01
1887,0.544849,7.990360e+01,1.302798e-02,1.103625e-01,8.936641e-02,9.232386e-06,7.925991e+01,4.309217e-01
1888,0.548574,7.982490e+01,1.442982e-02,1.102671e-01,8.924730e-02,9.212124e-06,7.918047e+01,4.304758e-01
1889,0.545441,7.974546e+01,1.480970e-02,1.101920e-01,8.914992e-02,9.198060e-06,7.910120e+01,4.300981e-01
1890,0.549119,7.966577e+01,1.459885e-02,1.101321e-01,8.906852e-02,9.185639e-06,7.902220e+01,4.297628e-01
1891,0.544326,7.958588e+01,1.373351e-02,1.100871e-01,8.900259e-02,9.178356e-06,7.894357e+01,4.294756e-01
1892,0.545387,7.950630e+01,1.253151e-02,1.100730e-01,8.896771e-02,9.178500e-06,7.886541e+01,4.293143e-01
1893,0.544589,7.942774e+01,1.216694e-02,1.100604e-01,8.893494e-02,9.178683e-06,7.878739e+01,4.291746e-01
1894,0.545732,7.934905e+01,1.201835e-02,1.100511e-01,8.890612e-02,9.179053e-06,7.870899e+01,4.290712e-01
1895,0.544562,7.927015e+01,1.207674e-02,1.100453e-01,8.888130e-02,9.179404e-06,7.863014e+01,4.290010e-01
1896,0.544757,7.919127e+01,1.222540e-02,1.100418e-01,8.885904e-02,9.179207e-06,7.855119e+01,4.289460e-01
1897,0.544603,7.911261e+01,1.222390e-02,1.100393e-01,8.883775e-02,9.177807e-06,7.847262e+01,4.288849e-01
1898,0.546263,7.903420e+01,1.194898e-02,1.100375e-01,8.881745e-02,9.175028e-06,7.839458e+01,4.288098e-01
1899,0.545494,7.895603e+01,1.156232e-02,1.100379e-01,8.880014e-02,9.172099e-06,7.831689e+01,4.287311e-01
1900,0.542733,7.887799e+01,1.127561e-02,1.100420e-01,8.878823e-02,9.171149e-06,7.823921e+01,4.286670e-01
1901,0.543168,7.879998e+01,1.116535e-02,1.100503e-01,8.878241e-02,9.173072e-06,7.816135e+01,4.286274e-01
1902,0.543737,7.872204e+01,1.119828e-02,1.100609e-01,8.878059e-02,9.176418e-06,7.808338e+01,4.286053e-01
1903,0.543085,7.864422e+01,1.124198e-02,1.100709e-01,8.877932e-02,9.180532e-06,7.800554e+01,4.285851e-01
1904,0.545811,7.856662e+01,1.122777e-02,1.100780e-01,8.877554e-02,9.182037e-06,7.792798e+01,4.285522e-01
1905,0.542165,7.848919e+01,1.108052e-02,1.100809e-01,8.876739e-02,9.182191e-06,7.785075e+01,4.284997e-01
1906,0.546809,7.841190e+01,1.089034e-02,1.100798e-01,8.875512e-02,9.181251e-06,7.777373e+01,4.284325e-01
1907,0.543725,7.833473e+01,1.076710e-02,1.100761e-01,8.874007e-02,9.179997e-06,7.769678e+01,4.283608e-01
1908,0.545116,7.825765e+01,1.075989e-02,1.100708e-01,8.872339e-02,9.179036e-06,7.761980e+01,4.282905e-01
1909,0.543674,7.818067e+01,1.085554e-02,1.100644e-01,8.870549e-02,9.178480e-06,7.754282e+01,4.282203e-01
1910,0.542809,7.810382e+01,1.098365e-02,1.100565e-01,8.868611e-02,9.177955e-06,7.746594e+01,4.281431e-01
1911,0.544017,7.802711e+01,1.104048e-02,1.100472e-01,8.866510e-02,9.176934e-06,7.738930e+01,4.280523e-01
1912,0.542972,7.795052e+01,1.097633e-02,1.100370e-01,8.864314e-02,9.174693e-06,7.731291e+01,4.279489e-01
1913,0.542684,7.787405e+01,1.084675e-02,1.100272e-01,8.862187e-02,9.172157e-06,7.723670e+01,4.278423e-01
1914,0.543540,7.779768e+01,1.074454e-02,1.100194e-01,8.860313e-02,9.170517e-06,7.716056e+01,4.277454e-01
1915,0.544126,7.772142e+01,1.072057e-02,1.100145e-01,8.858807e-02,9.170256e-06,7.708442e+01,4.276670e-01
1916,0.542960,7.764527e+01,1.076705e-02,1.100126e-01,8.857664e-02,9.171273e-06,7.700830e+01,4.276076e-01
1917,0.542079,7.756924e+01,1.082864e-02,1.100130e-01,8.856790e-02,9.172981e-06,7.693226e+01,4.275612e-01
1918,0.543427,7.749333e+01,1.083515e-02,1.100148e-01,8.856061e-02,9.174171e-06,7.685639e+01,4.275197e-01
1919,0.544093,7.741752e+01,1.075990e-02,1.100173e-01,8.855406e-02,9.175043e-06,7.678070e+01,4.274789e-01
1920,0.544332,7.734182e+01,1.064069e-02,1.100208e-01,8.854829e-02,9.175840e-06,7.670516e+01,4.274398e-01
1921,0.545962,7.726621e+01,1.052749e-02,1.100258e-01,8.854398e-02,9.177077e-06,7.662970e+01,4.274071e-01
1922,0.542843,7.719066e+01,1.039610e-02,1.100347e-01,8.854313e-02,9.179252e-06,7.655429e+01,4.273894e-01
1923,0.545006,7.711532e+01,1.043935e-02,1.100390e-01,8.853809e-02,9.180802e-06,7.647894e+01,4.273571e-01
1924,0.543556,7.704008e+01,1.049603e-02,1.100384e-01,8.852823e-02,9.181759e-06,7.640370e+01,4.273053e-01
1925,0.545087,7.696493e+01,1.051443e-02,1.100328e-01,8.851358e-02,9.181705e-06,7.632863e+01,4.272313e-01
1926,0.543229,7.688987e+01,1.047801e-02,1.100232e-01,8.849513e-02,9.180087e-06,7.625373e+01,4.271382e-01
1927,0.543987,7.681501e+01,1.050107e-02,1.100113e-01,8.847468e-02,9.177566e-06,7.617898e+01,4.270346e-01
1928,0.544543,7.674012e+01,1.036111e-02,1.100105e-01,8.846460e-02,9.177109e-06,7.610431e+01,4.269694e-01
1929,0.544629,7.666542e+01,1.036303e-02,1.100085e-01,8.845392e-02,9.176646e-06,7.602968e+01,4.269046e-01
1930,0.546256,7.659083e+01,1.041654e-02,1.100055e-01,8.844275e-02,9.176181e-06,7.595511e+01,4.268411e-01
1931,0.543624,7.651634e+01,1.048124e-02,1.100015e-01,8.843086e-02,9.175500e-06,7.588064e+01,4.267761e-01
1932,0.545199,7.644202e+01,1.058020e-02,1.099963e-01,8.841799e-02,9.174406e-06,7.580631e+01,4.267067e-01
1933,0.546477,7.636769e+01,1.046042e-02,1.100050e-01,8.841765e-02,9.175455e-06,7.573212e+01,4.266826e-01
1934,0.545807,7.629354e+01,1.040475e-02,1.100105e-01,8.841442e-02,9.175894e-06,7.565806e+01,4.266483e-01
1935,0.546282,7.621949e+01,1.038171e-02,1.100128e-01,8.840817e-02,9.175847e-06,7.558408e+01,4.266051e-01
1936,0.546021,7.614554e+01,1.040183e-02,1.100118e-01,8.839897e-02,9.175410e-06,7.551016e+01,4.265534e-01
1937,0.544440,7.607168e+01,1.044594e-02,1.100079e-01,8.838697e-02,9.174567e-06,7.543634e+01,4.264921e-01
1938,0.546219,7.599793e+01,1.047878e-02,1.100013e-01,8.837251e-02,9.173263e-06,7.536265e+01,4.264199e-01
1939,0.546372,7.592428e+01,1.047539e-02,1.099929e-01,8.835630e-02,9.171554e-06,7.528911e+01,4.263379e-01
1940,0.545719,7.585074e+01,1.044188e-02,1.099837e-01,8.833946e-02,9.169686e-06,7.521572e+01,4.262507e-01
1941,0.546875,7.577740e+01,1.050043e-02,1.099749e-01,8.832322e-02,9.167812e-06,7.514243e+01,4.261647e-01
1942,0.544414,7.570399e+01,1.038039e-02,1.099769e-01,8.831707e-02,9.168401e-06,7.506919e+01,4.261177e-01
1943,0.545437,7.563077e+01,1.039470e-02,1.099790e-01,8.831123e-02,9.169045e-06,7.499601e+01,4.260745e-01
1944,0.544062,7.555766e+01,1.043473e-02,1.099804e-01,8.830498e-02,9.169711e-06,7.492290e+01,4.260327e-01
1945,0.543539,7.548465e+01,1.046862e-02,1.099806e-01,8.829756e-02,9.170074e-06,7.484991e+01,4.259878e-01
1946,0.544312,7.541174e+01,1.047164e-02,1.099791e-01,8.828847e-02,9.169907e-06,7.477705e+01,4.259366e-01
1947,0.544132,7.533893e+01,1.044564e-02,1.099760e-01,8.827775e-02,9.169239e-06,7.470434e+01,4.258787e-01
1948,0.545407,7.526626e+01,1.045048e-02,1.099717e-01,8.826587e-02,9.168334e-06,7.463174e+01,4.258163e-01
1949,0.544058,7.519373e+01,1.033416e-02,1.100069e-01,8.828947e-02,9.175006e-06,7.455921e+01,4.258876e-01
1950,0.545509,7.512140e+01,1.032176e-02,1.100340e-01,8.830553e-02,9.178271e-06,7.448680e+01,4.259334e-01
1951,0.542603,7.504913e+01,1.035502e-02,1.100508e-01,8.831153e-02,9.179943e-06,7.441446e+01,4.259435e-01
1952,0.543785,7.497683e+01,1.036011e-02,1.100560e-01,8.830618e-02,9.180155e-06,7.434219e+01,4.259106e-01
1953,0.543091,7.490460e+01,1.037226e-02,1.100506e-01,8.829042e-02,9.179180e-06,7.427004e+01,4.258360e-01
1954,0.545770,7.483246e+01,1.038166e-02,1.100366e-01,8.826615e-02,9.177207e-06,7.419804e+01,4.257255e-01
1955,0.543352,7.476040e+01,1.035150e-02,1.100167e-01,8.823629e-02,9.174268e-06,7.412620e+01,4.255906e-01
1956,0.543252,7.468848e+01,1.034838e-02,1.099944e-01,8.820449e-02,9.169987e-06,7.405447e+01,4.254468e-01
1957,0.543017,7.461667e+01,1.038837e-02,1.099727e-01,8.817379e-02,9.165504e-06,7.398282e+01,4.253068e-01
1958,0.543155,7.454497e+01,1.045816e-02,1.099535e-01,8.814611e-02,9.161554e-06,7.391123e+01,4.251778e-01
1959,0.545287,7.447338e+01,1.052794e-02,1.099383e-01,8.812275e-02,9.157836e-06,7.383972e+01,4.250647e-01
1960,0.545930,7.440190e+01,1.055493e-02,1.099269e-01,8.810340e-02,9.155082e-06,7.376834e+01,4.249656e-01
1961,0.544506,7.433052e+01,1.053798e-02,1.099194e-01,8.808797e-02,9.153141e-06,7.369709e+01,4.248815e-01
1962,0.546047,7.425934e+01,1.059996e-02,1.099155e-01,8.807633e-02,9.152043e-06,7.362593e+01,4.248142e-01
1963,0.544321,7.418807e+01,1.050204e-02,1.099152e-01,8.806842e-02,9.151914e-06,7.355481e+01,4.247657e-01
1964,0.548452,7.411697e+01,1.052468e-02,1.099176e-01,8.806343e-02,9.152309e-06,7.348373e+01,4.247328e-01
1965,0.548083,7.404596e+01,1.055800e-02,1.099220e-01,8.806049e-02,9.152780e-06,7.341270e+01,4.247107e-01
1966,0.542980,7.397504e+01,1.057092e-02,1.099273e-01,8.805860e-02,9.153560e-06,7.334179e+01,4.246931e-01
1967,0.543919,7.390423e+01,1.054536e-02,1.099329e-01,8.805700e-02,9.154485e-06,7.327101e+01,4.246752e-01
1968,0.542176,7.383352e+01,1.049215e-02,1.099382e-01,8.805529e-02,9.155218e-06,7.320037e+01,4.246554e-01
1969,0.544061,7.376292e+01,1.043845e-02,1.099429e-01,8.805305e-02,9.155553e-06,7.312984e+01,4.246326e-01
1970,0.543475,7.369243e+01,1.040725e-02,1.099468e-01,8.805008e-02,9.155907e-06,7.305941e+01,4.246070e-01
1971,0.542784,7.362204e+01,1.040446e-02,1.099495e-01,8.804602e-02,9.155869e-06,7.298905e+01,4.245777e-01
1972,0.543797,7.355175e+01,1.041806e-02,1.099507e-01,8.804037e-02,9.155717e-06,7.291879e+01,4.245422e-01
1973,0.543300,7.348154e+01,1.042925e-02,1.099499e-01,8.803265e-02,9.155298e-06,7.284862e+01,4.244979e-01
1974,0.543483,7.341143e+01,1.042716e-02,1.099470e-01,8.802263e-02,9.154520e-06,7.277858e+01,4.244432e-01
1975,0.546123,7.334142e+01,1.041648e-02,1.099421e-01,8.801046e-02,9.153396e-06,7.270866e+01,4.243792e-01
1976,0.545172,7.327150e+01,1.041151e-02,1.099357e-01,8.799659e-02,9.151997e-06,7.263883e+01,4.243082e-01
1977,0.551219,7.320167e+01,1.042339e-02,1.099283e-01,8.798155e-02,9.149975e-06,7.256910e+01,4.242331e-01
1978,0.549247,7.313195e+01,1.045136e-02,1.099203e-01,8.796581e-02,9.147872e-06,7.249945e+01,4.241555e-01
1979,0.544277,7.306244e+01,1.059884e-02,1.099120e-01,8.794977e-02,9.145761e-06,7.242990e+01,4.240765e-01
1980,0.544165,7.299289e+01,1.057040e-02,1.099121e-01,8.794110e-02,9.145390e-06,7.236044e+01,4.240247e-01
1981,0.544246,7.292340e+01,1.044082e-02,1.099249e-01,8.794370e-02,9.147772e-06,7.229107e+01,4.240154e-01
1982,0.544174,7.285409e+01,1.041198e-02,1.099342e-01,8.794306e-02,9.148917e-06,7.222180e+01,4.239954e-01
1983,0.546050,7.278487e+01,1.040232e-02,1.099395e-01,8.793863e-02,9.149143e-06,7.215262e+01,4.239633e-01
1984,0.545228,7.271572e+01,1.040567e-02,1.099407e-01,8.793026e-02,9.148735e-06,7.208352e+01,4.239177e-01
1985,0.545537,7.264667e+01,1.041005e-02,1.099381e-01,8.791828e-02,9.147713e-06,7.201453e+01,4.238585e-01
1986,0.545962,7.257770e+01,1.040736e-02,1.099325e-01,8.790343e-02,9.146212e-06,7.194566e+01,4.237871e-01
1987,0.545787,7.250884e+01,1.039909e-02,1.099249e-01,8.788679e-02,9.144455e-06,7.187691e+01,4.237070e-01
1988,0.546533,7.244009e+01,1.040912e-02,1.099165e-01,8.786952e-02,9.142107e-06,7.180826e+01,4.236225e-01
1989,0.544182,7.237141e+01,1.041239e-02,1.099081e-01,8.785244e-02,9.139106e-06,7.173969e+01,4.235372e-01
1990,0.550045,7.230283e+01,1.043628e-02,1.099013e-01,8.783701e-02,9.136785e-06,7.167119e+01,4.234582e-01
1991,0.546960,7.223434e+01,1.045830e-02,1.098956e-01,8.782280e-02,9.134869e-06,7.160277e+01,4.233833e-01
1992,0.545989,7.216595e+01,1.046643e-02,1.098911e-01,8.780973e-02,9.133243e-06,7.153446e+01,4.233124e-01
1993,0.545869,7.209766e+01,1.045951e-02,1.098877e-01,8.779773e-02,9.131840e-06,7.146626e+01,4.232461e-01
1994,0.543459,7.202945e+01,1.044678e-02,1.098855e-01,8.778679e-02,9.130659e-06,7.139814e+01,4.231854e-01
1995,0.545280,7.196134e+01,1.043899e-02,1.098843e-01,8.777686e-02,9.129726e-06,7.133010e+01,4.231307e-01
1996,0.543678,7.189332e+01,1.043967e-02,1.098839e-01,8.776783e-02,9.129045e-06,7.126214e+01,4.230815e-01
1997,0.544608,7.182539e+01,1.044292e-02,1.098843e-01,8.775947e-02,9.128582e-06,7.119426e+01,4.230363e-01
1998,0.544099,7.175756e+01,1.043841e-02,1.098850e-01,8.775155e-02,9.128275e-06,7.112648e+01,4.229929e-01
1999,0.545879,7.168981e+01,1.041971e-02,1.098859e-01,8.774386e-02,9.128082e-06,7.105880e+01,4.229499e-01
